country_name,year,iso3_code,fragility,fragilityindex,g_whoregion,gendertool,gf_eligible_2016,gf_eligible_2018,globalplangroup,gnipercapita_2018_atlas,highdr_tbburden,highds_tbburden,hightb_hivburden,patientsgroup,eligible_global_fund_funding,usaid_priority,strategicinitiative,legaltool,keypops,income,oecdcountries,totalbudget,ipt_coverage_in_new_hiv_cases,missing_ds_tb_cases,missing_ds_tb_cases_in_children,Adults TB Preventive Therapy Targets,All New TB cases,All New and Retreatment TB cases,"All PLHIV, UNAIDS",All notified New &Relapse TB cases,Bedaquiline use (Y/N)?,Budget In/Out Patient Care (DR-TB),Budget In/Out Patient Care,Budget Needs for UNHLM Targets,Budget for DR-TB (US$ million),Budget for DS-TB (US$ million),Budget for TB-HIV (US$ million),Cartridges supplied,Case Detection Rate (%) in HIV+ TB,Case Detection Rate (%),Case Fatality Rate,Case Notification Rate (per 100 000),Childhood TB diagnosis and treatment targets,Cohort: MDR_TB cases,Cohort: New and Relapse cases,Cohort: Retreatment cases,Cohort: TB_HIV cases,Cohort: XDR_TB cases,Cured DR-TB Cases,Cured TB Cases,Cured TB-HIV Cases,DR-TB NOTIFICATIONS (N) AND ESTIMATED TARGETS (T),DR-TB Notification Targets,DST TB New Cases (rifampicin using phenotypic/Expert),DST TB Relapse Cases (rifampicin using phenotypic/Expert),DST TB Unkown Cases (rifampicin using phenotypic/Expert),Death Rank,Deaths: MDR_TB cases,Deaths: New and Relapse cases,Deaths: Retreatment cases,Deaths: TB_HIV,Deaths: XDR_TB cases,Delamanid Use (Y/N),Diabetes,Domestic Funding,Estimated # of children eligible for IPT,Estimated % of eligible children for IPT reciving preventive tr,Estimated % of new RR-TB with MDR-TB,Estimated % of new TB cases with RR-TB,Estimated % of re-treated TB cases with RR-TB,Estimated % of retreated RR-TB with MDR-TB,Estimated incidence of TB cases who are HIV-positive (per 100 0,Expected funding from the Global Fund (US Dollars),FLD patient treatments supplied,Failure: MDR_TB cases,Failure: New and Relapse cases,Failure: Retreatment cases,Failure: TB_HIV cases,Failure: XDR_TB cases,First Line DST Coverage (%) in New TB cases,Flag. New and retreatment case together,Flag: Data available on household contact (Children<5)?,Funding Needs,GF real Disbursements,Global Fund Funding,HIV,HIV+ TB cases on ART (#),HSC_DRTB,HSC_DSTB,Household contact Children (<5) on TB preventive treatment,IPT Coverage in All HIV+ cases (%),IPT Coverage in New HIV+ cases (%),Lab. confirmed MDR-RR-TB cases,Lab. confirmed MDR-TB cases,Lab. confirmed XDR-TB,Living in slums,Lost: MDR_TB cases,Lost: New and Relapse cases,Lost: Retreatment cases,Lost: TB_HIV,MDR-RR-TB Cases tested for second line Drug Resistance,MDR-RR-TB cases on treatment,MDR-TB cases on treatment,MDR-TB diagnosis and treatment targets,Missing DR-TB Cases per 100 000,Missing DR-TB Cases,Missing DS-TB Cases in Children,Missing DS-TB Cases,Missing TB Cases per 100 000,New HIV+ cases on treatment for latent TB,Newly enrolled HIV cases,Notified Cases in Children,Notified DR-TB cases,Notified ExtraPulmonary TB cases,Notified New Clin. Diagnosed TB cases,Notified New Lab. confirmed TB cases,Notified Relapse Clin. Diagnosed TB cases,Notified Relapse ExtraPulmonary TB cases,Notified Relapse Lab. confirmed TB cases,Notified TB cases (females 0-14),Notified TB cases (females 0-4),Notified TB cases (females 15-24),Notified TB cases (females 25-34),Notified TB cases (females 35-44),Notified TB cases (females 45-54),Notified TB cases (females 5-14),Notified TB cases (females 55-64),Notified TB cases (females >15),Notified TB cases (females >65,Notified TB cases (females unknown age),Notified TB cases (males 0-14),Notified TB cases (males 0-4),Notified TB cases (males 15-24),Notified TB cases (males 25-34),Notified TB cases (males 35-44),Notified TB cases (males 45-54),Notified TB cases (males 5-14),Notified TB cases (males 55-64),Notified TB cases (males >15),Notified TB cases (males >65,Notified TB cases (males unknown age),Number of PLHIV who had their TB status assessed and recorded d,Number of RR-TB cases,Other International Funding,Other retreated,PLHIV who are on treatment for latent TB infection,PLTB estimated to be HIV+ (%),Patients on Short Regime (#),Pediatric TB Notification Targets,Pediatric TB Preventive Therapy Targets,People living with MDRTB missing from care,People missing from care and Children_Children,Population,Prevalent LTBI as per IHME,Preventative Therapy (PT) targets for under-five Child Contacts,Preventative Therapy (PT) targets in PLHIV,Preventative Therapy (PT) targets in contacts more than 5 years,Previously treated TB patients excluding relapse,Proportion of population with primary reliance on clean fuels a,Provisional number of people with new or relapse episodes of TB,RR cases per 100 000 Population,RR-TB cases among notified pulmonary TB cases,Resource Needs for TB Prevention and Care (US$),SLD treatments supplied,Second Line DST Coverage (%) (MDR_TB),Short Regime use (Y/N)?,Success: MDR_TB cases,Success: New and Relapse cases,Success: Retreatment cases,Success: TB_HIV cases,Success: XDR_TB cases,TB NOTIFICATIONS (N) AND ESTIMATED TARGETS (T) IN CHILDREN (<15,TB NOTIFICATIONS (N) AND ESTIMATED TARGETS (T),TB Notification Targets,TB PREVENTIVE THERAPY NOTIFICATIONS (N) AND ESTIMATED TARGETS (,TB Patients on Bedaquiline (#),TB Preventive Therapy Targets,TB cases diagnosed by WHO recommended rapid diagnosis,TB cases per 100 000,TB cases,TB deaths (excluding HIV),TB deaths in HIV+ patients,TB deaths per 100 000 (excluding HIV),TB deaths per 100 000 in HIV+ patients,TB deaths per 100 000,TB deaths,TB diagnosis and treatment targets,TB in Adults 15-24 (females),TB in Adults 15-24 (males),TB in Adults 25-34 (females),TB in Adults 25-34 (males),TB in Adults 35-44 (females),TB in Adults 35-44 (males),TB in Adults 45-54 (females),TB in Adults 45-54 (males),TB in Adults 55-64 (females),TB in Adults 55-64 (males),TB in Adults >15 (females),TB in Adults >15 (males),TB in Adults >65 (females),TB in Adults >65 (males),TB in Adults,TB in Children 0-14 (females),TB in Children 0-14 (males),TB in Children 0-4 (females),TB in Children 0-4 (males),TB in Children 5-14 (females),TB in Children 5-14 (males),TB in Children,TB in all ages/sex,"TB in females, all ages","TB in males, all ages",TB notifications among foreigners,TB patients (new and relapse) recorded as HIV-positive,TB patients with HIV test done/status known at time of diagnosi,TB-HIV Preventive Therapy Targets,TB: Domestic funding (US$ millions),TB: Domestic funding as a percentage (%) of the TB national pro,TB: Funding Gap (US$ millions),TB: Global Fund Funding in USD ($) Millions,TB: International funding (US$ millions),TB: Total (Domestic and External) National Program Budget (US$,TBReach Cummulative Disbursements,TBReach Number of Grants,TB_burden_0-14_All_actual,TB_burden_0-14_All_higher,TB_burden_0-14_All_lower,TB_burden_0-14_Female_actual,TB_burden_0-14_Female_higher,TB_burden_0-14_Female_lower,TB_burden_0-14_Male_actual,TB_burden_0-14_Male_higher,TB_burden_0-14_Male_lower,TB_burden_0-4_Female_actual,TB_burden_0-4_Female_higher,TB_burden_0-4_Female_lower,TB_burden_0-4_Male_actual,TB_burden_0-4_Male_higher,TB_burden_0-4_Male_lower,TB_burden_15-24_Female_actual,TB_burden_15-24_Female_higher,TB_burden_15-24_Female_lower,TB_burden_15-24_Male_actual,TB_burden_15-24_Male_higher,TB_burden_15-24_Male_lower,TB_burden_15plus_All_actual,TB_burden_15plus_All_higher,TB_burden_15plus_All_lower,TB_burden_15plus_Female_actual,TB_burden_15plus_Female_higher,TB_burden_15plus_Female_lower,TB_burden_15plus_Male_actual,TB_burden_15plus_Male_higher,TB_burden_15plus_Male_lower,TB_burden_18plus_All_actual,TB_burden_18plus_All_higher,TB_burden_18plus_All_lower,TB_burden_18plus_Female_actual,TB_burden_18plus_Female_higher,TB_burden_18plus_Female_lower,TB_burden_18plus_Male_actual,TB_burden_18plus_Male_higher,TB_burden_18plus_Male_lower,TB_burden_25-34_Female_actual,TB_burden_25-34_Female_higher,TB_burden_25-34_Female_lower,TB_burden_25-34_Male_actual,TB_burden_25-34_Male_higher,TB_burden_25-34_Male_lower,TB_burden_35-44_Female_actual,TB_burden_35-44_Female_higher,TB_burden_35-44_Female_lower,TB_burden_35-44_Male_actual,TB_burden_35-44_Male_higher,TB_burden_35-44_Male_lower,TB_burden_45-54_Female_actual,TB_burden_45-54_Female_higher,TB_burden_45-54_Female_lower,TB_burden_45-54_Male_actual,TB_burden_45-54_Male_higher,TB_burden_45-54_Male_lower,TB_burden_5-14_Female_actual,TB_burden_5-14_Female_higher,TB_burden_5-14_Female_lower,TB_burden_5-14_Male_actual,TB_burden_5-14_Male_higher,TB_burden_5-14_Male_lower,TB_burden_55-64_Female_actual,TB_burden_55-64_Female_higher,TB_burden_55-64_Female_lower,TB_burden_55-64_Male_actual,TB_burden_55-64_Male_higher,TB_burden_55-64_Male_lower,TB_burden_65plus_Female_actual,TB_burden_65plus_Female_higher,TB_burden_65plus_Female_lower,TB_burden_65plus_Male_actual,TB_burden_65plus_Male_higher,TB_burden_65plus_Male_lower,TB_burden_all_All_actual,TB_burden_all_All_higher,TB_burden_all_All_lower,TB_burden_all_Female_actual,TB_burden_all_Female_higher,TB_burden_all_Female_lower,TB_burden_all_Male_actual,TB_burden_all_Male_higher,TB_burden_all_Male_lower,Total Budget including HSC,Total Budget required for TB Care (NTP + In/Out),Total Notified,Total PT Notifications,Total Preventative Therapy (PT) targets,Total Private Notified,Total Public Notified,Total alcohol,Total number of adults and children enrolled in HIV care,Treatment Coverage (%) in MDR_TB,Treatment Success Rate (MDR_TB),Treatment Success Rate (New & Relapse cases),Treatment Success Rate (Retreatment cases),Treatment Success Rate (TB_HIV),Tuberculosis: International funding as a percentage (%) of the,Tuberculosis: TB funding gap as a percentage (%) of the TB nati,Unconfirmed MDR-RR-TB cases on treatment,Unconfirmed MDR-TB cases on treatment,Undernourishment,XDR-TB cases on treatment,YoY(%) change in People dying from TB or HIV & TB,YoY(%) change in People living with HIV & TB,YoY(%) change in People living with MDRTB missing from care,YoY(%) change in People living with MDRTB,YoY(%) change in People living with TB and Children,YoY(%) change in People missing from care and Children,YoY(%) change in People were diagnosed with HIV,agegroup_option,all_conf_xdr,all_new_retreatment_tb_cases,bmu,bmu_community_impl,bmu_ref_data,bmu_rxsupport_data,bmu_rxsupport_data_coh,budget_cpp_dstb,budget_cpp_mdr,budget_cpp_tpt,budget_cpp_xdr,budget_fld,budget_lab,budget_mdrmgt,budget_orsrvy,budget_oth,budget_patsup,budget_prog,budget_sld,budget_staff,budget_tbhiv,budget_tot,budget_tpt,c_cdr,c_cdr_hi,c_cdr_lo,c_new_snep_tsr,c_new_sp_tsr,c_new_tsr,c_newinc,c_newinc_100k,c_ret_tsr,c_tbhiv_tsr,case_detection_rate_in_hiv_tb,caseb_err_nat,cf_fld,cf_lab,cf_mdrmgt,cf_orsrvy,cf_oth,cf_patsup,cf_prog,cf_sld,cf_staff,cf_tbhiv,cf_tot,cf_tot_domestic,cf_tot_gf,cf_tot_grnt,cf_tot_sources,cf_tot_usaid,cf_tpt,cfr,cfr_hi,cfr_lo,cfr_pct,cfr_pct_hi,cfr_pct_lo,collab_private_lab,collab_public_lab,community_data_available,conf_mdr,conf_mdr_tx,conf_rr_fqr,conf_rr_fqr_tx,conf_rr_nfqr,conf_rr_nfqr_tx,conf_rrmdr,conf_rrmdr_tx,conf_xdr_tx,country,culture,culture_eqa_pass,dst,dst_bdq,dst_bdq_eqa_pass,dst_eqa_pass,dst_inh,dst_inh_eqa_pass,dst_lzd,dst_lzd_eqa_pass,dst_moxlev,dst_moxlev_eqa_pass,dst_naat_pza,dst_pza,dst_pza_eqa_pass,dst_rif,dst_rif_eqa_pass,dst_rlt_hr_new,dst_rlt_hr_ret,dst_rlt_new,dst_rlt_ret,dst_rlt_rr_new,dst_rlt_rr_ret,dx_test_sites,e_hh_contacts,e_hh_contacts_hi,e_hh_contacts_lo,e_hh_size,e_inc_100k,e_inc_100k_hi,e_inc_100k_lo,e_inc_num,e_inc_num_hi,e_inc_num_lo,e_inc_rr_num,e_inc_rr_num_hi,e_inc_rr_num_lo,e_inc_tbhiv_100k,e_inc_tbhiv_100k_hi,e_inc_tbhiv_100k_lo,e_inc_tbhiv_num,e_inc_tbhiv_num_hi,e_inc_tbhiv_num_lo,e_mdr_pct_rr,e_mdr_pct_rr_new,e_mdr_pct_rr_ret,e_mort_100k,e_mort_100k_hi,e_mort_100k_lo,e_mort_exc_tbhiv_100k,e_mort_exc_tbhiv_100k_hi,e_mort_exc_tbhiv_100k_lo,e_mort_exc_tbhiv_num,e_mort_exc_tbhiv_num_hi,e_mort_exc_tbhiv_num_lo,e_mort_num,e_mort_num_hi,e_mort_num_lo,e_mort_tbhiv_100k,e_mort_tbhiv_100k_hi,e_mort_tbhiv_100k_lo,e_mort_tbhiv_num,e_mort_tbhiv_num_hi,e_mort_tbhiv_num_lo,e_pop_num,e_prevtx_eligible,e_prevtx_eligible_hi,e_prevtx_eligible_lo,e_prevtx_hh_contacts_pct,e_prevtx_hh_contacts_pct_hi,e_prevtx_hh_contacts_pct_lo,e_prevtx_kids_pct,e_prevtx_kids_pct_hi,e_prevtx_kids_pct_lo,e_rr_in_notified_labconf_pulm,e_rr_in_notified_labconf_pulm_hi,e_rr_in_notified_labconf_pulm_lo,e_rr_pct_new,e_rr_pct_new_hi,e_rr_pct_new_lo,e_rr_pct_ret,e_rr_pct_ret_hi,e_rr_pct_ret_lo,e_tbhiv_prct,e_tbhiv_prct_hi,e_tbhiv_prct_lo,exp_cpp_dstb,exp_cpp_mdr,exp_cpp_tpt,exp_cpp_xdr,exp_fld,exp_lab,exp_mdrmgt,exp_orsrvy,exp_oth,exp_patsup,exp_prog,exp_res,exp_sld,exp_staff,exp_tbhiv,exp_tot,exp_tpt,g4_indicator_country,gf_real_disbursements,hcfvisit_dstb,hcfvisit_mdr,hcw_tb_infected,hcw_tot,hiv_all,hiv_all_tpt,hiv_all_tpt_completed,hiv_all_tpt_started,hiv_art,hiv_cpt,hiv_elig_all,hiv_elig_all_tpt,hiv_elig_new,hiv_elig_new_tpt,hiv_ipt,hiv_ipt_reg_all,hiv_new,hiv_new_snep_cmplt,hiv_new_snep_coh,hiv_new_snep_def,hiv_new_snep_died,hiv_new_snep_fail,hiv_new_sp_cmplt,hiv_new_sp_coh,hiv_new_sp_cur,hiv_new_sp_def,hiv_new_sp_died,hiv_new_sp_fail,hiv_new_tpt,hiv_reg,hiv_reg_all,hiv_reg_new,hiv_reg_new2,hiv_ret_cmplt,hiv_ret_coh,hiv_ret_cur,hiv_ret_def,hiv_ret_died,hiv_ret_fail,hiv_tbdetect,hiv_tbscr,hivtest,hivtest_pos,hosp_type_mdr,hospd_dstb_dur,hospd_dstb_prct,hospd_mdr_dur,hospd_mdr_prct,igra_used,infection_tests_used,ipt_coverage_in_all_hiv_cases,iso15189_accredited,lab_cul,lab_dst,lab_dst_eqa,lab_dst_eqa_pass,lab_lpa,lab_lpa_eqa,lab_sm,lab_sm_eqa,lab_sm_eqa_pass,lab_sm_led,lab_xpert,lab_xpert_eqa,lmis,lpa,lpa_eqa_pass,lpa_fl,lpa_fl_eqa_pass,lpa_sl,lpa_sl_eqa_pass,m_fq,m_inh,m_wrd,m_wrd_eqa_pass,m_wrd_etrans,m_wrd_tests_performed,m_wrd_tests_positive,mdr_alloral_short_tx,mdr_alloral_short_used,mdr_coh,mdr_died,mdr_dst_rlt,mdr_fail,mdr_lost,mdr_new,mdr_ret,mdr_rr_tb_cases_on_treatment,mdr_shortreg_tx,mdr_shortreg_used,mdr_succ,mdr_tx_adsm,mdr_tx_adverse_events,mdrxdr_alloral_tx,mdrxdr_alloral_used,mdrxdr_bdq_tx,mdrxdr_bdq_used,mdrxdr_bpalm_tx,mdrxdr_bpalm_used,mdrxdr_dlm_tx,mdrxdr_dlm_used,new_clindx,new_ep,new_ep_f014,new_ep_f04,new_ep_f1524,new_ep_f15plus,new_ep_f2534,new_ep_f3544,new_ep_f4554,new_ep_f514,new_ep_f5564,new_ep_f65,new_ep_fu,new_ep_m014,new_ep_m04,new_ep_m1524,new_ep_m15plus,new_ep_m2534,new_ep_m3544,new_ep_m4554,new_ep_m514,new_ep_m5564,new_ep_m65,new_ep_mu,new_ep_sexunk014,new_ep_sexunk04,new_ep_sexunk15plus,new_ep_sexunk514,new_ep_sexunkageunk,new_labconf,new_oth,new_sn,new_sn_f014,new_sn_f04,new_sn_f1524,new_sn_f15plus,new_sn_f2534,new_sn_f3544,new_sn_f4554,new_sn_f514,new_sn_f5564,new_sn_f65,new_sn_fu,new_sn_m014,new_sn_m04,new_sn_m1524,new_sn_m15plus,new_sn_m2534,new_sn_m3544,new_sn_m4554,new_sn_m514,new_sn_m5564,new_sn_m65,new_sn_mu,new_sn_sexunk014,new_sn_sexunk04,new_sn_sexunk15plus,new_sn_sexunk514,new_snep_cmplt,new_snep_coh,new_snep_def,new_snep_died,new_snep_fail,new_sp,new_sp_cmplt,new_sp_coh,new_sp_cur,new_sp_def,new_sp_died,new_sp_f014,new_sp_f04,new_sp_f1524,new_sp_f2534,new_sp_f3544,new_sp_f4554,new_sp_f514,new_sp_f5564,new_sp_f65,new_sp_fail,new_sp_fu,new_sp_m014,new_sp_m04,new_sp_m1524,new_sp_m2534,new_sp_m3544,new_sp_m4554,new_sp_m514,new_sp_m5564,new_sp_m65,new_sp_mu,new_su,newinc_con,newinc_con04_prevtx,newinc_con5plus_prevtx,newinc_con_prevtx,newinc_con_prevtx_cmplt,newinc_con_screen,newinc_con_tb,newinc_ep_rdx,newinc_pulm_clindx_rdx,newinc_pulm_labconf_rdx,newinc_rdx,newrel_art,newrel_art_014,newrel_coh,newrel_died,newrel_f014,newrel_f04,newrel_f1014,newrel_f1519,newrel_f1524,newrel_f15plus,newrel_f2024,newrel_f2534,newrel_f3544,newrel_f4554,newrel_f514,newrel_f5564,newrel_f59,newrel_f65,newrel_fail,newrel_fu,newrel_hivpos,newrel_hivpos_014,newrel_hivtest,newrel_hivtest_014,newrel_lost,newrel_m014,newrel_m04,newrel_m1014,newrel_m1519,newrel_m1524,newrel_m15plus,newrel_m2024,newrel_m2534,newrel_m3544,newrel_m4554,newrel_m514,newrel_m5564,newrel_m59,newrel_m65,newrel_mu,newrel_sexunk014,newrel_sexunk04,newrel_sexunk15plus,newrel_sexunk514,newrel_sexunkageunk,newrel_succ,newrel_tbhiv_flg,newret_oth,notif_foreign,notified_cases_in_children,notified_dr_tb_cases,notified_ref,notified_ref_community,nrl,nrl_iso15189,nrl_qms,nrl_srl_link,nrr,nrr_014,nrr_15plus,nrr_ageunk,nrr_hivneg,nrr_hivpos,nrr_hivunk,nrr_hpmz_tx,nrr_hpmz_used,nrr_tx,prevtx_5plus_data_available,prevtx_data_available,prevtx_short_data_available,prevtx_short_rifamycin,priv_new_dx,pt_on_contacts_under_5,ptsurvey_newinc,ptsurvey_newinc_5plus,ptsurvey_newinc_con04_prevtx,ptsurvey_newinc_con5plus_prevtx,ptsurvey_newinc_con_prevtx,pub_new_dx,pulm_labconf_new,pulm_labconf_ret,pulm_labconf_unk,qms_pending,r_rlt_new,r_rlt_rel,r_rlt_ret,rcvd_fld,rcvd_lab,rcvd_mdrmgt,rcvd_orsrvy,rcvd_oth,rcvd_patsup,rcvd_prog,rcvd_sld,rcvd_staff,rcvd_tbhiv,rcvd_tot,rcvd_tot_domestic,rcvd_tot_gf,rcvd_tot_grnt,rcvd_tot_sources,rcvd_tot_usaid,rcvd_tpt,rdst_new,rdst_ret,rdst_unk,rdx_data_available,rdxsurvey_newinc,rdxsurvey_newinc_rdx,rel_in_agesex_flg,rel_with_new_flg,rep_meth,ret_cmplt,ret_coh,ret_cur,ret_def,ret_died,ret_fail,ret_nrel,ret_nrel_coh,ret_nrel_died,ret_nrel_fail,ret_nrel_lost,ret_nrel_succ,ret_oth,ret_rel,ret_rel_clindx,ret_rel_ep,ret_rel_labconf,ret_tad,ret_taf,rev_newinc,rev_newinc_con,rev_newinc_con_screen,rev_newinc_con_tb,rr_014,rr_15plus,rr_ageunk,rr_dr_2li,rr_dr_fq,rr_dr_fq_2li,rr_ds_fq2li,rr_dst_rlt,rr_dst_rlt_fq,rr_fqr,rr_fqr_bdqr_lzdr,rr_fqr_bdqr_lzds,rr_fqr_bdqr_lzdu,rr_fqr_bdqs_lzdr,rr_fqr_bdqs_lzds,rr_fqr_bdqs_lzdu,rr_fqr_bdqu_lzdr,rr_fqr_bdqu_lzds,rr_fqr_bdqu_lzdu,rr_hivneg,rr_hivpos,rr_hivunk,rr_new,rr_nfqr_014_tx,rr_rel,rr_ret,rr_sldst,rrmdr_014_tx,rxsupport_community_coh,rxsupport_community_succ,screen_data_available,sldst,sldst_avail_incntry,sldst_avail_outcntry,sldst_eqa_pass,sllpa,sllpa_eqa_pass,smear,smear_eqa,smear_eqa_pass,source_drs_coverage_new,source_drs_coverage_ret,source_drs_year_new,source_drs_year_ret,source_rr_new,source_rr_ret,tb_domestic_funding_us_millions,tb_funding_gap_us_millions,tb_international_funding_us_millions,tbhiv_014_flg,tbhiv_coh,tbhiv_died,tbhiv_fail,tbhiv_lost,tbhiv_succ,tbst_used,tobacco,tpt_1hp,tpt_3hp,tpt_3hr,tpt_4r,tpt_short_regimens_used,treatment_success_rate_mdr_tb,treatment_success_rate_tb_hiv,tst_used,tx_dstb,tx_mdr,tx_tpt,tx_xdr,unconf_mdr_tx,unconf_rr_nfqr_tx,unconf_rrmdr_tx,upload_dt,used_2021_defs_flg,xdr,xdr_coh,xdr_died,xdr_fail,xdr_lost,xdr_succ,xpert,xpert_eqa,xpert_etrans
Zambia,2000,ZMB,Neighbour,87.2,AFR,,Yes,Yes,"High TB-HIV, SADC",1430,Y,Y,Y,,Y,NA,N,,,Lower middle income,,,,,,,10202,10202,,49806,,,,,,,,,,62,,473,,,,,,,,33370,,,,,,,,,,,,,,,,,,,,,,518,,,,,,,,,,,,,,,,,,,0,8.719,,,,,,,,,,,,,,,,30194,286.709,,,0,,10202,,,,,,,,,,,,,,,,,,,,,,,,,,,,,,,,0,68,,,,,,10531221,,,,,,13.9,,,,,,,,,,,,,,,,,,,,759,80000,4600,19000,44,181,225,24000,,,,,,,,,,,,,,,,,,,,,,,,,,,,,,,,,,,,,,,,,,,,,,,,,,,,,,,,,,,,,,,,,,,,,,,,,,,,,,,,,,,,,,,,,,,,,,,,,,,,,,,,,,,,,,,,,,,,,,,,,,,,,,,,,,,,,,67,67,,,,,,,,,,,,,,,,,,,,,,,,,,,,,,,,,,,,,,,66,210,32,,67,67,49806,504,67,,,,,,,,,,,,,,,,,,,,,0.36,0.68,0.1,36,68,10,,,,,,,,,,,,,,,,,,,,,,,,,,,,,,,,,,,,,,,,,,759,1570,238,75000,156000,24000,,,,611,1280,187,60000,127000,18000,,,,228,331,145,36,72,12,3500,7100,1200,23000,33000,14000,192,291,114,19000,29000,11000,9891136,,,,,,,,,,,,,,,,,,,81,92,66,,,,,,,,,,,,,,,,,,,,,,,,,,,,,,,,,,,,,,,,,,,,,,,,,,,,,,,,,,,,,,,,,,,,,,,,,,,,,,,,,,,,,,,,,,,,,,,,,,,,,,,,,,,,,,,,,,,,,,,,,,10202,,,,,,,,,,,,,,,,,,,,,,,,,,,,,,25222,,,,,,,,,,,,,,,,,,,,,,,,,,,,,,,,12927,1358,7014,3348,412,478,150,,932,1118,1305,186,,112,75,404,,349,,2175,2610,3045,435,,261,174,,0,,,,,,,,,,,,,,,,,,,,,,,,,,,,,,,,,,,,,,,,,,,,,,,,,,,,,,,,,,,,,,,,,,,,,,,,,,,,,,,,,,,,,,,,,,,,,,,,,,,,,,,,,,,,,,,,,,,,,,,,,,,100,137,894,466,42,102,38,,,,,,,,1455,,,,,,,,,,,,,,,,,,,,,,,,,,,,,,,,,,,,,,,,,,,,,,,,,,,,,,,,,,,,,,,,,,,,,,,,,,,,,,,,,,,,,,,,,,,,
Zambia,2001,ZMB,Neighbour,87.2,AFR,,Yes,Yes,"High TB-HIV, SADC",1430,Y,Y,Y,,Y,NA,N,,,Lower middle income,,,,27741,,,8524,11773,,46259,,,,,,,,,,59,,427,,,,,,,,34232,,,,,,,,,,,,,,,,,,,,,,497,,,,,,,,,,,,,,,,,,,0,8.719,,,,,,,,,,,,,,,,32741,302.482,,,0,,8524,,,,,,,,,,,,,,,,,,,,,,,,,,,,,,,3249,0,68,,,,,,10824125,,,,,,14.2,,,,,,,,,,,,,,,,,,,,728,79000,4900,20000,45,186,231,25000,,,,,,,,,,,,,,,,,,,,,,,,,,,,,,,,,,,,,,,,,,,,,,,,,,,,,,,,,,,,,,,,,,,,,,,,,,,,,,,,,,,,,,,,,,,,,,,,,,,,,,,,,,,,,,,,,,,,,,,,,,,,,,,,,,,,,,74,90,,,,,,,,,,,,,,,,,,,,,,,,,,,,,,,,,,,,,,,62,190,31,,74,74,46259,454,90,,,,,,,,,,,,,,,,,,,,,0.38,0.69,0.11,38,69,11,,,,,,,,,,,,,,,,,,,,,,,,,,,,,,,,,,,,,,,,,,728,1470,243,74000,150000,25000,,,,552,1140,177,56000,116000,18000,,,,229,335,143,43,84,16,4400,8500,1600,23000,34000,15000,186,286,107,19000,29000,11000,10191964,,,,,,,,,,,,,,,,,,,76,89,60,,,,,,,,,,,,,,,,,,,,,,,,,,,,,,,,,,,,,,,,,,,,,,,,,,,,,,,,,,,,,,,,,,,,,,,,,,,,,,,,,,,,,,,,,,,,,,,,,,,,,,,,,,,,,,,,,,,,,,,,,,8524,,,,,,,,,,,,,,,,,,,,,,,,,,,,,,23189,,,,,,,,,,,,,,,,,,,,,,,,,,,,,,,,13024,2429,13024,7246,766,1450,,,,,,,,,,87,,,,,,,,,,,,0,,,,,,,,,,,,,,,,,,,,,,,,,,,,,,,,,,,,,,,,,,,,,,,,,,,,,,,,,,,,,,0,,,,,,,,,,,,,,,,,,,,,,,,,,,,,,,,,,,,,,,,,,,,,,,,,,,,,,,,,,,,,100,1283,4249,2533,90,125,130,,,,,,,3249,1522,,,,3062,187,,,,,,,,,,,,,,,,,,,,,,,,,,,,,,,,,,,,,,,,,,,,,,,,,,,,,,,,,,,,,,,,,,,,,,,,,,,,,,,,,,,,,,,
Zambia,2002,ZMB,Neighbour,87.2,AFR,,Yes,Yes,"High TB-HIV, SADC",1430,Y,Y,Y,,Y,NA,N,,,Lower middle income,,,,18780,,,18312,18682,,54220,,,,,,,,,,70,,488,,,,,,,,43376,,,,,,,,,,,,,,,,,,,,,,472,,,,,,,,,,,,,,,,,,,0.068,8.719,,,,,,,,,,,,,,,,22780,204.849,339,,0,,1961,,16351,,,,,,,,,,,,,,,,,,,,,,,,,,1560,,,370,339,68,,,,,,11120409,,,,,,14.8,,,,,,,,,,,,,,,,,,,,695,77000,3700,16000,33,140,173,19000,,,,,,,,,,,,,,,,,,,,,,,,,,,,,,,,,,,,,,,,,,,,,,,,,,,,,,,,,,,,,,,,,,,,,,,,,,,,,,,,,,,,,,,,,,,,,,,,,,,,,,,,,,,,,,,,,,,,,,,,,,,,,,,,,,,,,,80,76,,,,,,,,,,,,,,,,,,,,,,,,,,,,,,,,,,,,,,,74,150,44,,80,80,54220,516,76,,,,,,,,,,,,,,,,,,,,,0.26,0.45,0.11,26,45,11,,,,,,,,,,,,,,,,,,,,,,,,,,,,,,,,,,,,,,,,,,695,1180,336,73000,124000,35000,,,,505,885,230,53000,93000,24000,,,,167,237,109,34,63,14,3600,6700,1500,18000,25000,11000,133,198,81,14000,21000,8500,10508294,,,,,,,,,,,,,,,,,,,73,87,55,,,,,,,,,,,,,,,,,,,,,,,,,,,,,,,,,,339,,,,,,,,,,,,,,,,,,,,,,,,,,1560,205,,,,,,,,,,,,,,,,,,,,,,,,,,,,,,,,,,,,,,,,,,,,,,,,,,,,,,,,,,,,,1961,,,,,,,,,,,,,,,,,,,,,,,,,,,,16351,,25053,,,,,,,,,,,,,,,,,,,,,,,,,,,,,,,,16351,2658,16351,10410,665,1811,1099,,1383,2730,1434,657,,297,197,467,,1135,,1013,3051,2000,788,,162,405,,8662,,,,,,,,,,,,,,,,,,,,,,,,,,,,,,,,,,,,,,,,,,,,,,,,,,,,,,,,,,,,,,0,,,,,,,,,,,,,,,,,,,,,,,,,,,,,,,,,,,,,,,,,,,,,,,,,,,,,,,,,,,,,100,203,1577,1001,53,224,36,,,,,,,370,2193,,,,,,,,,,,,,,,,,,,,,,,,,,,,,,,,,,,,,,,,,,,,,,,,,,,,,,,,,,,,,,,,,,,,,,,,,,,,,,,,,,,,,,,,,,,,
Zambia,2003,ZMB,Neighbour,87.2,AFR,,Yes,Yes,"High TB-HIV, SADC",1430,Y,Y,Y,,Y,NA,N,,,Lower middle income,,,,14399,,,26864,26864,,57601,,,,,,,,,,76,,504,,,,,,,,43201,,,,,,,,,,,,,,,,,,,,,,450,,,,,,,,,,,,,,,,,,,0,8.719,,,,,,,,,,,,,,,,18399,161.084,,,0,,7930,,18934,,,,,,,,,,,,,,,,,,,,,,,,,,,,,,0,68,,,,,,11421984,,,,,,15.1,,,,,,,,,,,,,,,,,,,,662,76000,3000,13000,27,115,141,16000,,,,,,,,,,,,,,,,,,,,,,,,,,,,,,,,,,,,,,,,,,,,,,,,,,,,,,,,,,,,,,,,,,,,,,,,,,,,,,,,,,,,,,,,,,,,,,,,,,,,,,,,,,,,,,,,,,,,,,,,,,,,,,,,,,,,,,75,78,,,,,,,,,,,,,,,,,,,,,,,,,,,,,,,,,,,,,,,80,140,53,,75,75,57601,531,78,,,,,,,,,,,,,,,,,,,,,0.21,0.35,0.11,21,35,11,,,,,,,,,,,,,,,,,,,,,,,,,,,,,,,,,,,,,,,,,,662,1000,390,72000,109000,42000,,,,467,743,254,51000,81000,28000,,,,134,189,88,28,52,12,3100,5600,1300,15000,21000,9600,106,157,64,11000,17000,7000,10837973,,,,,,,,,,,,,,,,,,,71,86,52,,,,,,,,,,,,,,,,,,,,,,,,,,,,455,,,,,,,,,,,,,,,,,,,,,,,,,,,,,,,,,,,,,,,,,,,,,,,,,,,,,,,,,,,,,,,,,,,,,,,,,,,,,,,,,,,,,,,,,,,,,,7930,,,,,,,,,,,,,,,,,,,,,,,,,,,,18934,,24900,,,,,,,,,,,,,,,,,,,,,,,,,,,,,,,,18934,1599,18934,12603,466,1492,292,,2061,3439,1626,680,,297,243,187,,302,,1733,4182,2390,995,,386,308,,,,,,,,,,,,,,,,,,,,,,,,,,,,,,,,,,,,,,,,,,,,,,,,,,,,,,,,,,,,,3669,,,0,,,,,,,,,,,,,,,,,,,,,,,,,,,,,,,,,,,,,,,,,,,,,,,,,,,,,,,,,,,,,100,190,2248,1556,59,269,51,,,,,,,,2168,,,,,431,,,,,,,,,,,,,,,,,,,,,,,,,,,,,,,,,,,,,,,,,,,,,,,,,,,,,,,,,,,,,,,,,,,,,,,,,,,,,,,,,,,,,,,
Zambia,2004,ZMB,Neighbour,87.2,AFR,,Yes,Yes,"High TB-HIV, SADC",1430,Y,Y,Y,,Y,NA,N,,,Lower middle income,,,,16894,,,26948,30484,,54106,,,,,,,,,,73,,461,,,,,,,,44908,,,,,,,,,,,,,,,,,,,,,,429,,,,,,,,,,,,,,,,,,,0,8.719,,,,,,,,,,,,,,,,19894,169.574,,,0,,9701,,17247,,,,,,,,,,,,,,,,,,,,,,,,,,,,,3536,0,68,,,,,,11731746,,,,,,15.5,,,,,,,,,,,,,,,,,,,,631,74000,3300,14000,28,118,146,17000,,,,,,,,,,,,,,,,,,,,,,,,,,,,,,,,,,,,,,,,,,,,,,,,,,,,,,,,,,,,,,,,,,,,,,,,,,,,,,,,,,,,,,,,,,,,,,,,,,,,,,,,,,,,,,,,,,,,,,,,,,,,,,,,,,,,,,83,78,,,,,,,,,,,,,,,,,,,,,,,,,,,,,,,,,,,,,,,77,140,49,,83,83,54106,484,78,,1.02244897959184,,,,,,,,,,,,,,,,,,,0.23,0.39,0.11,23,39,11,,,,,,,,,,,,,,,,,,,,,,,,,,,,,,,,,,,,,,,,,,631,983,356,71000,110000,40000,,,,438,717,227,49000,80000,25000,,,,139,197,91,30,55,13,3400,6200,1400,16000,22000,10000,108,162,65,12000,18000,7300,11188040,,,,,,,,,,,,,,,,,,,69,85,51,,,,,,,,,,,,,,,,,,,,,,,,,,,,277,,,,,,,,,,,,,,,,,,,,,,,,,,,,,,,,,760,501,,,,,,,,,,,,,,,,,,,,,,,,,,,,,,,,,,,,,,,,,,,,,,,,,,,,,,,,,,,,9701,,,,,,,,,,,,,,,,,,,,,,,,,,,,17247,,25101,,,,,,,,,,,,,,,,,,,,,,,,,,,,,,,,17247,1156,17247,13108,414,1363,247,,1811,2961,1646,608,,245,192,172,,209,,1498,3963,2262,968,,313,324,,,,,,,,,,,,,,,,,,,,,,,,,,,,,,,,,,,,,,,,,,,,,,,,,,,,,,,,,,,,,,,,0,,,,,,,,,,,,,,,,,,,,,,,,,,,,,,,,,,,,,,,,,,,,,,,,,,,,,,,,,,,,,100,161,2248,1593,58,295,40,,,,,,,3536,2057,,,,0,428,,,,,,,,,,,,,,,,,,,,,,,,,,,,,,,,,,,,,,,,,,,,,,,,,,,,,,,,,,,,,,,,,,,,,,,,,,,,,,,,,,,,,,,
Zambia,2005,ZMB,Neighbour,87.2,AFR,,Yes,Yes,"High TB-HIV, SADC",1430,Y,Y,Y,,Y,NA,N,,,Lower middle income,,,,20424,,,23444,26920,,49576,,,,,,,,,,68,,411,,,,,,,,42635,,,,,,,,,,,,,,,,,,,,,,409,,,,,,,,,,,,,,,,,,,0,0,,,,,,,,,,,,,,,,23424,194.355,,,0,,8587,,14857,,,,,,,,,,,,,,,,,,,,,,,,,,,,,3476,0,68,,,,,,12052156,,,,,,15.7,,,,,,,,,,,,,,,,,,,,602,73000,3700,15000,30,126,157,19000,,,,,,,,,,,,,,,,,,,,,,,,,,,,,,,,,,,,,,,,,,,,,,,,,,,,,,,,,,,,,,,,,,,,,,,,,,,,,,,,,,,,,,,,,,,,,,,,,,,,,,,,,,,,,,,,,,,,,,,,,,,,,,,,,,,500000,,,86,83,,,,,,,,,,,,,,,,,,,,,,,,,,,,,,,,,,,,,,,71,140,44,87,84,86,49576,429,83,,1.2530612244898,,,,,,,,,,,,,,,,,,,0.27,0.46,0.12,27,46,12,,,,,,,,,,,,,,,,,,,,,,,,,,,,,,,,,,,,,,,,,,602,985,313,70000,114000,36000,,,,420,717,202,49000,83000,23000,,,,150,215,97,32,59,13,3700,6800,1500,17000,25000,11000,119,178,71,14000,21000,8200,11564870,,,,,,,,,,,,,,,,,,,70,85,51,,,,,,,,,,,,,,,,,,,,,,,,,,,,418,,,,,,,,,,,,,,,,,,,,,500000,,,,,,,,,,,,1082,614,,,,,,,,,,,,,,,,,,,,,,,,,,,,,,,,,,,,,,,,,,,,,,,,,,,,,,,,,,,,8587,,,,,,,,,,,,,,,,,,,,,,,,,,,,14857,,24327,,,,,,,,,,,,,,,,,,,,,,,,,,,28508,32915,797,2061,53,14857,1180,14857,11290,334,1178,168,,1507,2463,1433,569,,235,185,100,,135,,1240,3166,2160,917,,358,321,,,,,,,,,,,,,,,,,,,,,,,,,,,,,,,,,,,,,,,,,,,,,,,,,,,,,,,,,,,,,,,,0,,,,,,,,,,,,,,,,,,,,,,,,,,,,,,,,,,,,,,,,,,,,,,,,,,,,,,,,,,,,,100,3274,5496,1309,176,472,43,,,,,,,3476,1805,,,,,215,,,,,,,,,,,,,,,,,,,,,,,,,,,,,,,,,,,,,,,,,,,,,,,,,,,,,,,,,,,,,,,,,,,,,,,,,,,,,,,,,,,,,,,
Zambia,2006,ZMB,Neighbour,87.2,AFR,,Yes,Yes,"High TB-HIV, SADC",1430,Y,Y,Y,,Y,NA,N,,,Lower middle income,,,,21210,,,23866,26755,,47790,,,,,,,,,,67,,386,,,,,,,,40144,,,,,,,,,,,,,,,,,,,,,,392,,,,,,,,,,,,,,,,,,,0,0,,,,,,,,,,,,,,,,23210,187.428,,,0,,9841,,14025,,,,,,,,,,,,,,,,,,,,,,,,,,,,,2889,0,68,,,,,,12383446,,,,,,15.9,,,,,,,,,,,,,,,,,,,,577,71000,3700,15000,30,124,154,19000,,,,,,,,,,,,,,,,,,,,,,,,,,,,,,,,,,,,,,,,,,,,,,,,,,,,,,,,,,,,,,,,,,,,,,,,,,,,,,,,,,,,,,,,,,,,,,,,,,,,,,,,,,,,,,,,,,,,,,,,,,,,,,,,,,,150000,,,84,81,80,,,,,,,,,,,,,,,,,,,,,,,,,,,,,,,,,,,,,,69,130,42,84,85,84,47790,399,81,80,7.17142857142857,,,,,,,,,,,,,,,,,,,0.28,0.47,0.12,28,47,12,,,,,,,,,,,,,,,,,,,,,,,,,,,,,,,,,,,,,,,,,,577,944,299,69000,113000,36000,,,,408,694,197,49000,83000,24000,,,,150,214,97,30,56,12,3600,6700,1400,18000,26000,12000,120,180,72,14000,22000,8600,11971567,,,,,,,,,,,,,,,,,,,71,86,52,,,,,,,,,,,,,,,,,,,,,,,,,,,,2723,2194,,,,,,,,3667,4661,135,546,23,150,2185,1630,61,242,14,,150000,,,,533,1053,313,35,101,11,,,5485,3514,,,,,,,,,,,,,,,,,,,,,,,,,,,,,,,,,,,,,,,,,,,,,,,,,,,,,,,,,,,,9841,,,,,,,,,,,,,,,,,,,,,,,,,,,,14025,,22059,,,,,,,,,,,,,,,,,,,,,,,,,,,26643,31900,979,2222,85,14025,1149,14025,10762,390,930,224,,1500,2834,1257,452,,207,122,78,,150,,945,3496,1645,684,,323,186,,,,,,,,,,,,,,,,,,,,,,,,,,,,,,,,,,,,,,,,,,,,,,,,,,,,,,,,,,,,,,,,0,,,,,,,,,,,,,,,,,,,,,,,,,,,,,,,,,,,,,,,,,,,,,,,,,,,,,,,,,,,,,100,2743,5254,1519,171,509,44,,,,,,,2889,1865,,,,403,97,,,,,,,,,,,,,,,,,,,,,,,,,,,,,,,,,,,,,,,,,,,,,,,,,,,,,,,,,,,,,,,,,,,,,,,,,,,,,,,,,,,,,,,
Zambia,2007,ZMB,Neighbour,87.2,AFR,,Yes,Yes,"High TB-HIV, SADC",1430,Y,Y,Y,,Y,NA,N,,,Lower middle income,,,,22680,,,25835,29226,,46320,,,,,,,,,,66,,364,,,,,,,,38446,,,,,,,,,,,,,,,,,,,,,,378,,,,,,,,,,,,,,,,,,,0,0,,,,,,,,,,,,,,,,24680,193.934,0,,0,,10015,,15820,,,,,,,,,,,,,,,,,,,,,,,,,,2000,,,3391,0,68,,,,,,12725974,,,,,,16,,,,,,,,,,,,,,,,,,,,554,71000,3800,16000,29,122,152,19000,,,,,,,,,,,,,,,,,,,,,,,,,,,0,,,,,,,,,,,,,,,,,,,,,,,,,,,,,,,,,,,,,,,,,,,,,,,,,,,,,,,,,,,,,,,,,,,,,,,,,,,,,,,,,,,,,,,,,,,,,,,,,,,,,,,,264000,,,83,81,81,,,,,,,,,,,,,,,,,,,,,,,,,,,,,,,,,,,,,,67,150,38,83,85,83,46320,373,81,81,33.1428571428571,,,,,,,,,,,,,,,,,,,0.3,0.52,0.12,30,52,12,,,,,,,,,,,,,,,,,,,,,,,,,,,,,,,,,,,,,,,,,,554,971,253,69000,120000,31000,,,,397,718,170,49000,89000,21000,,,,148,216,93,28,55,10,3500,6800,1300,18000,27000,12000,120,184,70,15000,23000,8600,12402073,,,,,,,,,,,,,,,,,,,72,87,54,,,,,,,,,,,,,,,,,,,,,,,,,,,,6595,6434,,,,,0,,,10944,13587,337,1332,35,356,4880,3670,116,415,27,,264000,,,,1462,2565,585,77,279,18,,2000,23574,16240,,,,,,,,,,,,,,,,,,,,,,,,,,,,,,,,,,,,,,,,,,,,,,,,,,,,,,,,,,,,10015,,,,,,,,,,,,,,,,,,,,,,,,,,,,15820,0,21189,,,,,,,,,,,,,,,,,,,,,,,,,,,25827,31204,999,2331,13,13378,882,13378,10447,377,855,195,,1335,2193,1188,558,,244,131,95,,152,,1235,2971,1848,805,,319,204,,0,,,,,,,,,,,,,,,,,,,,,,,,,,,,,,,,,,,,,,,,,,,,,,,,,,,,,,,,,,,0,0,,0,,,,,,,,,,,,,,,,,,,,,,,,,,,,,,,,,,,,,,,,,,,,,,,,,,,,,,,,,,,,,102,3358,5833,1386,200,537,27,,,,,,,3391,1738,,,,595,109,,,,,,,,,,,,,,,,,,,,,,,,,,,,,,,,,,,,,,,,,,,,,,,,,,,,,,,,,,,,,,,,,,,,,,,,,,,,,,,,,,,,,,,
Zambia,2008,ZMB,Neighbour,87.2,AFR,,Yes,Yes,"High TB-HIV, SADC",1430,Y,Y,Y,,Y,NA,N,,,Lower middle income,,,,25314,,,22791,25749,,43686,,,,,,,,,,63,,334,,,,,,,,37133,,,,,,,,,,,,,,,,,,,,,,363,,,,,,,,,,,,,,,,,,,0.494,21.862,,,,,,,,,,,36,,,,,26314,201.139,850,,0,,9580,,13211,,,,,,,,,,,,,,,,,,,,,,,,,,16953,,,2958,850,68,,,,,,13082517,,,,,,16.1,,,,,,,,,,,,,,,,,,,,534,70000,4000,16000,31,125,155,20000,,,,,,,,,,,,,,,,,,,,,,,,,,,0,,,,,,,,,,,,,,,,,,,,,,,,,,,,,,,,,,,,,,,,,,,,,,,,,,,,,,,,,,,,,,,,,,,,,,,,,,,,,,,,,,,,,,,,,,,,,,,,,,,,,,,,172200,,,85,80,82,,,,,,,,,,,,,,,,,,,,,,,,,,,,,,,,,,,,,,64,130,37,83,88,85,43686,340,80,82,44.3382978723404,,,,,,,,,,,,,,,,,,,0.31,0.53,0.13,31,53,13,,,,,36,,,,,,,,,,,,,,,,,,,,,,,,,,,,,,,,,,,,,534,918,252,69000,118000,32000,,,,363,624,172,47000,80000,22000,,,,152,204,107,30,45,18,3800,5800,2300,19000,26000,14000,122,173,80,16000,22000,10000,12852966,,,,,,,,,,,,,,,,,,,68,68,68,,,,,,,,,,,,,,,,,,,,,,,,,,,,8604,9645,,,,,850,,,8145,9918,280,890,6,264,4177,3259,137,313,13,,172200,,,,1166,1531,49,49,191,3,,16953,30654,20839,,,,,,,,,,,,,,,,,,,,,,,,,,,,,,,,,,,,,,,,,,,,,,,,,,,,,,,,,,,,9580,,,,,,,,,,,,,,,,,,,,,,,,,,,,13211,0,19344,,,,,,,,,,,,,,,,,,,,,,,,,,,15993,19344,607,1583,25,13211,671,13173,10875,345,721,165,,1246,2062,1114,498,,187,115,84,0,101,,1120,3244,2094,737,,299,229,0,0,,,,,,,,,,,,,,,,,,,,,,,,,,,,,,,,,,,,,,,,,,,,,,,,,,,,,,,,,,,0,0,,0,,,,,,,,,,,,,,,,,,,,,,,,,,,,,,,,,,,,,,,,,,,,,,,,,,,,,,,,,,,,,100,2373,2958,3,115,280,4,,,,,,,2958,1551,,,,623,104,,,,,,,,,,,,,,,,,,,,,,,,,,,,,,,,,,,,,,,,,,,,,,,,,,,,,,,,,,,,,,,,,,,,,,,,,,,,,,,,,,,,,,,
Zambia,2009,ZMB,Neighbour,87.2,AFR,,Yes,Yes,"High TB-HIV, SADC",1430,Y,Y,Y,,Y,NA,N,,,Lower middle income,,,,23121,,,23037,23037,,44879,,,,,,,,,,65,,334,,,,,,,,40391,,,,,,,,,,,,,,,,,,,,,,349,,,,,,,,,,,,922903,922903,,,,,,0,21.862,,,,,,,,,,,0,,,,,24121,179.253,,,0,,9246,,13791,,,,,,,,,,,,,,,,,,,,,,,,,,,,,0,0,68,,,,,,13456417,,,,,,16,,,,,,,,,,,,,,,,,,,,514,69000,3800,15000,28,114,142,19000,,,,,,,,,,,,,,,,,,,,,,,,,,,0,,,,,,,,,,,,,,,,,,,,,,,,,,,,,,,,,,,,,,,,,,,,,,,,,,,,,,,,,,,,,,,,,,,,,,,,,,,,,,,,,,,,,,,,,,,,,,,,,,,,,,,,,,,90,86,82,,,,,,,,,,,,,,,,,,,,,,,,,,,,,,,,,,,,,,66,130,39,90,90,90,44879,337,86,,51.2695652173913,,,,,,,,,,,,,,,,,,,0.29,0.49,0.13,29,49,13,,,,,0,,,,,,,,,,,,,,,,,,,,,,,,,,,,,,,,,,,,,514,869,251,68000,116000,33000,,,,347,586,169,46000,78000,23000,,,,138,185,98,28,42,17,3700,5600,2200,18000,25000,13000,110,156,72,15000,21000,9600,13318087,,,,,,,,,,,,,,,,,,,67,68,67,,,,,,,,,,,,,,,,,,,,,,,,,,,,10009,15041,,,,,,,,,,,,,,,,,,,,,,,,,,,,,,,,34992,23584,,,,,,,,,,,3,3,3,0,0,223,92,58,,,,,,,,,,,,,,,,,,,,,,,,,,,,,,,,,,,,,,,,,,9246,,,,,,,,,,,,,,,,,,,,,,,,,,,,13791,0,20825,,,,,,,,,,,,,,,,,,,,,,,,,,,27024,30071,1061,1964,22,12995,777,12995,10983,390,722,145,,1051,1935,1151,468,,192,126,123,,92,,1057,3181,2169,792,,270,237,,0,,,,,,,,,,,,,,,,,,,,,,,,,,,,,,,,,,,,,,,,,,,,,,,,,,,,,,,,,,,0,0,,0,,,1,,,,,,,,,,,,,,,,,,,,,,,,,,,,,,,,,,,,,,,,,,,,,,,,,,,,,,,,,,102,2893,5444,1792,222,488,49,,,,,,,0,1813,,,,517,155,,,,,,,,,,,,,,,,,,,,,,,,,,,,,,,,,,,,,0,0,,,,,,,,,,,,,,,,,,,,,,,,,,,,,,,,,,,,,,,,,,,,,,,,,
Zambia,2010,ZMB,Neighbour,87.2,AFR,,Yes,Yes,"High TB-HIV, SADC",1430,Y,Y,Y,,Y,NA,N,,,Lower middle income,,,,23846,,,23982,27697,,44154,,,,,,,,,,64,,319,,56,,,,,,39297,,,,,,,,2,,,,,,,,,,,,,,330,,,3,,,,,,,,,1147930,1147930,,,,,,0,21.862,,,,,3,,,,,,,,,,,24846,179.393,,,0,,9255,,14727,,,,,,,,,,,,,,,,,,,,,,,,,,11961,,,3715,0,67,,,,NA,,13850033,,,,,,16,,,,,,,,20,,,,,,,,,,,,495,69000,3900,15000,28,108,137,19000,,,,,,,,,,,,,,,,,,,,,,,,,,,0,,,,,,,,,,1000000,1,,,,,,,,,,,,,,,,,,,,,,,,,,,,,,,,,,,,,,,,,,,,,,,,,,,,,,,,,,,,,,,,,,,,,,,,,,,,,,,,,,,,,,,,,,,,,,,35.714,89,86,82,,,,,,,,,NA,NA,,,,,,,,,,,,,,,,,,,,,,,,,,,,65,130,39,,89,89,44154,320,,,59.0466666666667,,,,,,,,,,,,,,,,,,,0.29,0.48,0.13,29,48,13,,,,,,,,,,,,,,,,,,,,,,,,,,,,,,,,,,,,,,,,,,495,822,250,68000,113000,34000,,,,323,537,163,45000,74000,22000,,,,132,177,94,29,43,17,4000,6000,2400,18000,24000,13000,103,146,68,14000,20000,9300,13792086,,,,,,,,,,,,,,,,,,,65,66,65,,,,,,,,,,,,,,,,,,,,,,,,,,,,12646,19845,,,,,,,,,,,,,,,,,,,,,,,,,,,,,,,11961,40704,26571,,,,,,,,,,,,,,,,,,,,,,,,,,,,,,,,,,,,,,56,2,,3,3,,,,,,20,,,,,,,,,,,,9255,,,,,,,,,,,,,,,,,,,,,,,,,,,,14727,0,20412,,,,,,,,,,,,,,,,,,,,,,,,,,,,,,,,12639,775,12639,10532,388,722,,,,,,,,,,123,,,,,,,,,,,,0,,,,,,,,,,,,,,,,,,,,,,,,,,,,,,,,,,,,,,,,,,,,,,,,,,,,,,,,,,,0,0,,0,,,1,,,,,,,,,,,,,,,,,,,,,,,,,,,,,,,,,,,,,,,,,,,,,,,,,,,,,,,,,,102,,,,,,,,,,,,,3715,1848,,,,581,166,,,,,,,,,,,,,,,,,,,,,,,,,,,,,,,,,,,,,0,0,,,,,,,,,,,,,,,,,,,,,,,,,,,,,35.7142857142857,,,,,,,,,,,,,,,,,,,,
Zambia,2011,ZMB,Neighbour,87.2,AFR,,Yes,Yes,"High TB-HIV, SADC",1430,Y,Y,Y,,Y,NA,N,,,Lower middle income,,,,24417,,,9908,14069,970000,43583,,,,,,,,5500,,64,,306,,79,,,,,,38353,,,,,,,,2,,,,,,4.8,0.824,,,,,,,307,,,2,,,,,,,,,6862240,6862240,13.1,,,,,0,21.862,,,,,3,,,,,,,,,,,24417,171.17,,,0,,9908,,,,,,,,,,,,,,,,,,,,,,,,,,,,,,2.912,4161,0,65,,,,NA,,14264756,,,,,,15.8,,,,,,,,23,,,,,,,,,,,,475,68000,4200,14000,29,101,130,19000,,,,,,,,,,,,,,,,,,,,,,,,,,,,,,,820000,,,,,,1997921,2,,,,,,,,,,,,,,,,,,,,,,,,,,,,,,,,,,,,,,,,,,,,,,,,,,,,,,,,,,,,,,,,,,,,,,,,,,,,,,,,,,,,,,,,,,,,,,,29.114,88,86,82,,,,,,,3,,NA,NA,0,2.33853462751362,-4,,,,,,,,,,,,,,,,,,,,,,,,,64,120,39,,88,88,43583,306,,,62.1790697674419,,,,,,,,,,,,,,,,,,,0.29,0.47,0.13,29,47,13,,,,,,,,,,,,,,,,,,,,,,,,,,,,,,,,,,,,,,,,,,475,776,247,68000,111000,35000,,,,305,498,159,43000,71000,23000,,,,126,169,90,29,43,17,4100,6200,2400,18000,24000,13000,98,138,64,14000,20000,9100,14265814,,,,,,,,,,,,,,,,,,,64,65,64,,,,,,,,,,,,,,,,,,,,,,,,,,,,14213,23144,,,,,,,,,,,,,,,,,,,,,,,,,,,,,,,,41701,26737,,,,,,,,,,,,,,,,,,,,,,,,,,,,,,,,,,,,,,79,2,,2,3,,,,,,23,,,,,,,,,,,,9908,729,317,648,3778,1320,910,448,412,256,196,,800,,530,4601,1524,1459,625,422,226,237,,,,,,,,,20004,970,446,1128,7222,2625,1836,849,524,422,362,,1057,547,987,10755,3731,3387,1387,510,672,591,,,,,,,,,,,12046,671,12711,10463,412,561,151,19,940,1683,1063,422,132,162,99,126,,105,20,1033,2897,2194,810,85,280,207,,,,,,,,,,,,,,,,,,,,,,,,,,,,,,,,,,,,,,,,,,,,,,,,,,,,,,,,,,,,,,,,0,,,,,,,,,,,,,,,,,,,,,,,,,,,,,,,,,,,,,,,,,,,,,,,,,,,,,,,,,,,,,102,,,,,,,,,,,,,4161,1625,,,,640,210,,,,,,,,,,,,,,,,,,,,,,,,,,,,,,,,,,,,,,,,,,,,,,,,,,,,,,,,,,,,,,,,,,,29.1139240506329,,,,,,,,,,,,,,,,,,,,
Zambia,2012,ZMB,Neighbour,87.2,AFR,,Yes,Yes,"High TB-HIV, SADC",1430,Y,Y,Y,,Y,NA,N,,,Lower middle income,,,,26274,,,9174,13003,1000000,40726,,,,,,,,5500,,61,,277,,100,41056,4529,,,,34617,,,,,,,,2,2116,369,,,,,2.637,,,,,,,282,,11331,2,177,36,,,,1,,,-38196,-38196,13,,,,,0,65.972,,80,,54.4687,5,1577,289,,,,80,,,,,26274,178.735,,,0,,9174,,,,,,,,,,,,,,,,,,,,,,,,,,,,,,9.121,3829,0,62,,,,NA,,14699937,,,,,,15.4,,,,,75,,,27,34938,3557,,,,,,,,,,456,67000,4800,15000,33,99,132,19000,,,,,,,,,,,,,,,,,,,,,,,,,,,,,,,2640000,,,,,,1997921,2,,,,,,,,,,,,,,,,,,,,,,,,,,,,,,,,,,,,,,,,,,,,,,,,,,,,,,,,,,,,,,,,,,,,,,,,,,,,,,,,,,,,,,,,,,,,,,,27,85,79,82,,,,17,,,13,,NA,NA,-1,7.06782370404202,-4,,,,,,,,,,,,,,,,,,,,,,,,,61,110,38,,,85,40726,276,79,,59.2780487804878,,,,,,,,,,,,,,,,,,,0.3,0.49,0.14,30,49,14,1,1,,80,80,,,,,,,,,,,,,,,,,,,,,,,,,,,,,,,,,,,,,456,732,245,67000,108000,36000,,,,280,450,150,41000,66000,22000,,,,129,172,92,32,49,19,4700,7200,2800,19000,25000,14000,97,138,63,14000,20000,9200,14744658,,,,,,,,,,,,,,,,,,,61,62,61,,,,,,,,,,,,,,,,,,,,,,,,,,,,14471,22614,,,,,,,,,,,,,,,,,,,,,,,,,,,,,,,,39543,24304,,,,,,,,,,3,,,,,,217,,,3,,,,,,,,,,,,,,,,,,,100,2,,2,5,,,,,,27,,,,,,,,,,,,9174,630,240,616,3390,1196,808,403,390,209,158,0,744,,526,4410,1423,1364,577,414,272,248,0,,,,,,,,17050,785,348,983,6222,2131,1637,777,437,380,314,,852,437,855,9191,3103,2877,1252,415,568,536,,,,,,,,,,,12645,,,,,,180,14,1024,1646,1077,376,166,189,124,,,141,28,1003,3088,2412,846,113,319,220,,,,,,,,,,,,,,,,41056,2116,,,,,,,,,,,,,,,177,,,,,,1577,,,,,,,,,,,,,,,,,,,,,34938,,,,,0,,,1,,,1,,,,,,,,,,,,,,,,,,,,,,,,,,,,,,,,,,,,,,,,,,,,,,,,,,,,,,1,,,,,,,,,4529,369,36,289,3557,3829,1857,,,,509,213,,,,,,,,,,,,,,,,,,,,,,,,,,,,,,,,,,,,,1,0,,,,,,,,,,,,,,,,,,,,,,,,,,,,,27,,,,,,,17,,,,,,,,,,,,,
Zambia,2013,ZMB,Neighbour,87.2,AFR,,Yes,Yes,"High TB-HIV, SADC",1430,Y,Y,Y,,Y,NA,N,,,Lower middle income,,,,26362,,,40638,45793,1000000,40638,0,,,,,,,5500,,61,,268,,58,39899,4984,,0,,34542,,,,,,,,7,2157,414,,0,,,10.659,,,,,,,268,,0,2,172,47,,0,,1,,40,7305348,7305348,12.9,,,,,0,65.972,,79,,,27,1453,247,,,,79,,,,,25362,167.37,,,3154,,9370,17167,12238,,,1863,1517,593,2709,5157,3752,1754,924,941,14982,669,,1637,716,2428,7808,6918,2950,921,1286,22502,1112,,,,4.78,,0,61,,,,NA,,15153210,,,,,5155,15.1,,,,,0,,,19,33923,3981,,0,,,,,,,,437,66000,4700,14000,31,93,124,19000,,,,,,,,,,,,,,,,,,,,,,,,,,,,,,,10700000,,,,,40000000,2695801,2,,,,,,,,,,,,,,,,,,,,,,,,,,,,,,,,,,,,,,,,,,,,,,,,,,,,,,,,,,,,,,,,,,,,,,,,,,,,,,,,,,,,,,,,,,,,,,,32.759,85,80,82,,,,0,,0,-2,,NA,NA,0,0.33381382292694,0,,,45793,,,,,,,,,,,,,,,,,,,,,,61,110,39,,,85,40638,267,80,,62.1365853658537,,,,,,,,,,,,,,,,,,,0.3,0.48,0.15,30,48,15,1,1,,79,79,,,,,,,0,,,,,,,,,,,,,,,,,,,,,,,,,,,,,,437,690,242,67000,105000,37000,,,,270,426,149,41000,65000,23000,,,,122,163,87,30,46,18,4600,7000,2700,19000,25000,13000,92,131,59,14000,20000,9000,15234976,,,,,,,,,,,,,,,,,,,62,62,61,,,,,,,,,,,,,,,,,,,,,,,,,,,,16945,23769,,,,,,,,,,,,,,,,,,,,,,,,,,,,,,,,41305,25476,,,,,,,,,,3,,,,,,364,,,3,,,,,,,,,,,,,,,,,,,58,7,,2,27,,,,,,19,,,,,,0,,,,,17167,9370,,,,,,,,,,,,,,,,,,,,,,,,,,,,12238,,,,,,,,,,,,,,,,,,,,,,,,,,,,,,,,,,,,,,,,,,,,,,,,,,,,,,,,,,,,,,,,,,,,,,,,,,,39899,2157,1517,593,,,2709,14982,,5157,3752,1754,924,941,,669,172,,,,,,1453,1637,716,,,2428,22502,,7808,6918,2950,921,1286,,1112,,,,,,,33923,,,,3154,0,,,1,,1,1,,,,,,,,,,,,,,,,,,,,,,,,,,,,,,,,,,,,,,,,,,,,,,,,,,,,,1,1,,,,,,,,5155,4984,414,47,247,3981,,,,,1863,,,,,,,,,,,,,,,,,,,,,,,,,,,,,,,,,,,,,,,1,0,,,,,,,,,,,,,,,,,,,,,,,,,,,,,32.7586206896552,,,,,,,0,,,,,,0,0,0,0,0,,,
Zambia,2014,ZMB,Neighbour,87.2,AFR,,Yes,Yes,"High TB-HIV, SADC",1430,Y,Y,Y,,Y,NA,N,,,Lower middle income,,,,26069,,,37931,42716,1100000,37931,,,,,,,,,,60,,243,,68,37930,4786,,0,,32241,,,,,,,,11,2058,389,,0,,,10.604,,,,,,,246,,0,1,221,28,,0,,1,,15,-770159,-770159,12.8,,,,,0,65.972,,,,52.91605,20,1559,280,,,,,,,,,25069,160.483,,,2726,,8584,15568,12070,,,1709,1294,496,2517,4402,3267,1505,798,717,13024,616,,1432,610,2345,6881,6439,2602,822,1147,20472,1058,,,,0.989,,0,61,,,,NA,,15620974,,,,,4785,14.6,,,,,80,,,35,32111,3821,,0,2726,42716,,0,,,,406,63000,4800,14000,31,88,118,18000,,,,,,,,,,,,,,,,,,,,,,,,,,,,,,,10600000,,,,,16000000,2695801,2,,,,,,,,,,,,,,,,,,,,,,,,,,,,,,,,,,,,,,,,,,,,,,,,,,,,,,,,,,,,,,,,,,,,,,,,,,,,,,,,,,,,,,,,,,,,,,,51.471,85,80,82,,,,,,,3,,NA,NA,-4,-1.12394031224826,-5,,,42716,364,,,,,,,,,,,,,,,,,,,,,59,100,39,,,85,37931,241,80,,62.0461538461539,,,,,,,,,,,,,,,,,,,0.3,0.48,0.15,30,48,15,1,1,,,,,,,,,,,,,,,,,,,,,,,,,,,,,,,,,,,,,,,,406,623,236,64000,98000,37000,,,,247,379,143,39000,60000,23000,,,,116,156,83,30,45,18,4700,7100,2800,18000,25000,13000,86,124,56,14000,19000,8800,15737793,,,,,,,,,,,,,,,,,,,61,61,60,,,,,,,,,,,,,,,,,,,,,,,,,,,,17611,21929,,,,,,,,,,,,,,,,,,,,,,,,,,,,,,,,39763,24198,,,,,,,,,,3,1,,,1,,364,,,3,21,,,,,,,,,,,,,,,,,,68,11,,1,20,,,,,,35,,,,,,,,,,,15568,8584,,,,,,,,,,,,,,,,,,,,,,,,,,,,12070,,,,,,,,,,,,,,,,,,,,,,,,,,,,,,,,,,,,,,,,,,,,,,,,,,,,,,,,,,,,,,,,,,,,,,,,,,,37930,2058,1294,496,,,2517,13024,,4402,3267,1505,798,717,,616,221,,,,,,1559,1432,610,,,2345,20472,,6881,6439,2602,822,1147,,1058,,,,,,,32111,,,,2726,0,,,1,,1,1,,,,,,,,,,,,,,,,,,,,,,,,,,,,,,,,,,,,,,,,,,,,,,,,,,,,,1,1,,,,,,,,4785,4786,389,28,280,3821,,,,,1709,,,,,,,,,,,,,,,,,,,,,,,,,,,,,,,,,,,,,,,1,0,,,,,,,,,,,,,,,,,,,,,,,,,,,,,51.4705882352941,,,,,,,,,,2023-11-08T06:52:55.029334,,,0,0,0,0,0,,,
Zambia,2015,ZMB,Neighbour,87.2,AFR,,Yes,Yes,"High TB-HIV, SADC",1430,Y,Y,Y,,Y,NA,N,,,Lower middle income,,,65.9722222222222,27259,,,36741,41588,1100000,36741,0,,,,,,,,55.176,58,,228,,99,36741,4847,20967,0,59,31230,18241,99,,76,619,0,,31,2116,393,1117,0,0,,5.824,,,27,1.1,18,44,233,,,0,145,28,71,0,0.207,1,,20,2293091,2293091,12.6,15897,,,,1.49,65.972,196,84,0,,9,1633,217,682,0,84,,,13.67,2201,,26259,163.093,2565,3888,2276,99,7754,14779,12311,,,1897,1057,386,2325,4242,3301,1540,671,726,12703,569,,1219,434,2370,7168,6950,2996,785,1229,21762,1049,,,2300,7.912,,2565,60,,,,1801,,16100587,,,,,4847,14.1,,14.285,1500,,192,0,0,59,31243,4055,18312,0,2276,41588,,2565,,,36741,391,63000,5000,14000,31,85,116,19000,,,,,,,,,,,,,,,,,,,,,,,,,,,,20967,34991,,5800000,29,1600000,,12600000,20000000,2695801,2,,,,,,,,,,,,,,,,,,,,,,,,,,,,,,,,,,,,,,,,,,,,,,,,,,,,,,,,,,,,,,,,,,,,,,,,,,,,,,,,,,,,,,,,,,,,6.89,,4.304,59.596,85,84,87,63,8,15,,,0,5,,NA,NA,0,4.36553065042738,-2,,0,41588,103,,,,,,,,,,,,,,,,,,,,,58,97,38,,,85,36741,226,84,87,,,,,,,,,,,,,,,,,,,,0.31,0.48,0.16,31,48,16,,,0,84,,,,,,196,84,0,,3,,3,,,1,,,,,,,,,,,,,,,,,,,,,,,391,591,232,64000,96000,38000,1900,2900,940,234,354,139,38000,58000,23000,,,,115,154,81,30,46,18,4900,7400,2900,19000,25000,13000,84,121,54,14000,20000,8900,16248230,,,,,,,,,,250,300,190,2,2,1.5,13,18,8.3,60,60,59,,,,,,,,,,,,,,,,,,,,,,,,,,,,,,,,,,2565,,,,,,,,,,,,,,,,,3888,3888,,,,,,,2565,,,,,,,,,,,,,,,,,,,,,,,,,,1,0,,,,,,,,,,,,,,99,31,,0,9,,,99,,0,59,,,,,,0,,,,0,14779,7754,,,,,,,,,,,,,,,,,,,,,,,,,,,,12311,,,,,,,,,,,,,,,,,,,,,,,,,,,,,,,,,,,,,,,,,,,,,,,,,,,,,,,,,,,,,,,,,,,,,,,,36741,15897,,36741,2116,1057,386,,,2325,12703,,4242,3301,1540,671,726,,569,145,,20967,,34991,,1633,1219,434,,,2370,21762,,7168,6950,2996,785,1229,,1049,,,,,,,31243,,,,2276,99,,,,1,,,,,,,,,,,,,,,,,,,,,,,,,,,,,,,,,,,,,,,,,,,,,,,,,76,619,0,60,,,1,1,,,,,,,,4847,4847,393,28,217,4055,,,,,1897,,,,,,,,,,,,,,,,,,,,,,,,,,,,,,,,,0,,,,,0,,,0,,,374,288,,,,,,,Survey,,,,,20967,1117,71,682,18312,,15.5,,,,,,59.5959595959596,87.3372442409501,,,,,,,,15,2023-11-08T06:52:55.029334,,,0,0,0,0,0,56,27,0
Zambia,2016,ZMB,Neighbour,87.2,AFR,,Yes,Yes,"High TB-HIV, SADC",1430,Y,Y,Y,,Y,NA,N,,,Lower middle income,,,,24674,,,38326,40153,1100000,38326,,0.61,2,,580000,9000000,1100000,,58.527,62,,231,,,38326,1827,21655,,81,33727,18623,136,,49,462,15,,,2227,185,1354,,,,,,,27,1.1,18,44,221,,53403,,208,18,171,,0.128,1,,,0,0,12.4,17914,,,,0,18.314,180,94,0,51.36341,,1106,85,705,0,125,,,11.837,1964,5431,23674,142.688,,,2169,136,6150,13727,13739,2190,614,1906,963,327,2409,4120,3495,1591,636,798,12960,547,0,1206,429,2815,7748,7069,3309,777,1316,23197,940,0,,2100,,,0,59,,,,1764,,16591390,,,,,1827,13.5,,12.657,1400,,52,0,0,,33581,1441,18541,,2169,40153,,0,,,,376,62000,4700,13000,28,76,104,17000,,,,,,,,,,,,20000,34000,,,55000,3600,4000,,,,,7600,,24000,38000,,21655,37480,,990000,9,4400000,,5610000,11000000,2695801,2,,,,,,,,,,,,,,,,,,,,,,,,,,,,,,,,,,,,,,,,,,,,,,,,,,,,,,,,,,,,,,,,,,,,,,,,,,,,,,,,,,,,,,13,,,,,,,,6.476,59.596,88,79,86,51,40,11,,,0,-2,4,-2.09750566893424,0,-1,-10.4766150603875,-5,,0,40153,104,0,,48,16440,,,,,,,,,,,,,,,,,61,100,41,,,88,38326,229,79,86,,,,,,,,,,,,,,,,,,,,0.28,0.44,0.15,28,44,15,,,0,94,,,,,,180,125,0,,3,,3,,,3,,,,,,,,,,,,,,,,,,,,,,,376,557,229,63000,93000,38000,1900,2900,990,217,322,132,36000,54000,22000,,,,101,135,72,29,43,17,4800,7200,2900,17000,23000,12000,73,104,47,12000,17000,7900,16767761,,,,,,,,,,280,340,220,2,2,1.6,12,17,7.7,58,58,57,,,,,,,,,,,,,,,,,,,,,,,,,,,,,,,,,,,,,,,,,,,,,,,,,,,,,,,,,,,,,,,,,,,,,,,,,,,,,,,,,,,,,1,0,,,,,,,,,,,,,,136,22,,0,13,,,136,,0,96,,0,,,,,,,,,13727,6150,,,,,,,,,,,,,,,,,,,,,,,,,,,,13739,,,,,,,,,,,,,,,,,,,,,,,,,,,,,,,,,,,,,,,,,,,,,,,,,,,,,,,,,,,,,,,,,,,,,,,,,17914,,38326,2227,963,327,,,2409,12960,,4120,3495,1591,636,798,,547,208,0,21655,,37480,,1106,1206,429,,,2815,23197,,7748,7069,3309,777,1316,,940,0,,,,,,33581,0,,,2169,136,,,,1,,,,,,,,,,,,,,,,,,,,,,,,,,,,,,,,,,,,,,,,,,,,,,,,,49,462,15,0,,,1,1,,,,,,,,1827,1827,185,18,85,1441,,,2190,614,1906,,,,,,,,,,,,,,,,,,,,,,,,,,,,,,,,,0,,11279,9279,,3,,,0,1,0,370,370,,,,,,,Survey,,,,,21655,1354,171,705,18541,,,,,,,,70.5882352941177,85.6199492034172,,,,,,,,11,2023-11-08T06:52:55.029334,,,0,0,0,0,0,69,22,0
Zambia,2017,ZMB,Neighbour,87.2,AFR,,Yes,Yes,"High TB-HIV, SADC",1430,Y,Y,Y,,Y,NA,N,,,Lower middle income,,,18.3135395974184,25990,,,36010,37203,1100000,36010,0,0.8,2.6,,1700000,10000000,1600000,50000,56.561,58,0.3,211,,,,,,,161,31689,17511,270,,7021,570,3000,4,,,,,,0,,1.26,12000,3.3,27,1.1,18,44,210,,69801,,,,,,19.497,,60,14,-393087,-393087,12.2,18341,,,404,24.948,18.314,546,130,0,,,,,,0,268,,,9.535,1630,5361,25990,152.04,42961,234586,2139,270,5082,11705,14022,2478,630,2093,968,333,2091,3618,3192,1559,635,763,11820,597,0,1171,461,2320,6756,7105,3377,710,1412,22051,1081,0,,1900,,,42961,58,29,,,2030,,17094130,4451454,,,,1193,12.8,,11.115,37,,168,0,1,,,,,,2139,37203,,42961,,,10021,361,62000,5000,13000,30,76,106,18000,,3500,6300,5400,9500,5000,8700,2700,4500,1700,2500,20000,34000,1900,2400,54000,3600,4000,2000,2400,1600,1600,7500,62000,24000,38000,,20362,34622,,1260000,9,5600000,,7280000,14000000,3295708,3,,,,,,,,,,,,,,,,,,,,,,,,,,,,,,,,,,,,,,,,,,,,,,,,,,,,,,,,,,,,,,,,,,,,,,,,,,,,,,,,,,,,,,17,,,,,,,,14.211,59.596,88,79,86,52,40,2,,,0,4,-6,-8.22085889570552,0,-1,5.06348595613698,3,,0,37203,104,48,48,48,16195,,,,,,,,,,,,,,,,,58,93,39,,,90,36010,208,83,86,,,,,,,,,,,,,,,,,,,,0.3,0.46,0.16,30,46,16,,,1,130,,,,,,546,268,0,,3,,3,,,3,,,,,,,,,,,,19,167,58,295,50,206,,,,,,361,528,225,62000,91000,39000,1900,2900,1000,212,310,132,37000,54000,23000,,,,104,140,74,29,43,17,5000,7500,3000,18000,24000,13000,76,108,49,13000,19000,8400,17298054,,,,,,,,,,570,700,440,2,2,1.6,12,17,7.3,59,59,58,50,5822,,0,2551707,1028978,270000,350000,210000,200000,390000,,1455500,428340,1600139,8484664,,,6707765,10,12,,,,,,,,,,,,,42961,,,,,,,,,,,,,,,,,234586,199278,,,,,,,20323,,,,142,5,20,180,100,,,,,,,,,,,,,,,,,,2,2,,,,,,,,,,,,,,270,30,0,2,28,11,112,270,29,1,204,,77,,,,0,,,,0,11705,5082,,,,,,,,,,,,,,,,,,,,,,,,,,,,14022,,,,,,,,,,,,,,,,,,,,,,,,,,,,,,,,,,,,,,,,,,,,,,,,,,,,,,,,,,,,,,,,,,,,,,,,10021,18341,,36010,2085,968,333,,,2091,11820,,3618,3192,1559,635,763,,597,162,0,20362,,34622,,809,1171,461,,,2320,22051,,6756,7105,3377,710,1412,,1081,0,,,,,,32312,0,,,2139,270,16195,1019,,1,,,,20,66,110,21,65,110,,,,0,,,,,,,,,,,,14022,2421,,,397,,295,2551707,1228589,270000,520000,310000,2182905,390000,1455500,518115,1600139,11026955,2173704,6707765,2018596,11026955,126890,,7021,570,3000,60,,,1,1,,,,,,,,1193,1193,106,14,57,994,,,2478,630,2093,,,,,,,10,321,165,0,0,0,0,0,,,,,,,,,,,,55,276,165,386,,,110,0,,16195,14210,,0,,,0,0,0,370,370,,,,,,,Survey,2173704,,6834655,,20362,1622,136,731,17527,,,,,,,,75.5555555555556,86.0770061879973,,,,,,,,2,2023-11-08T06:52:55.029334,,0,0,0,0,0,0,146,37,0
Zambia,2018,ZMB,Neighbour,87.2,AFR,,Yes,Yes,"High TB-HIV, SADC",1430,Y,Y,Y,,Y,NA,N,,,Lower middle income,,,,26929,,1708,36010,37203,1100000,36010,0,0.8,2.6,37.448,1700000,10000000,1600000,192010,56.561,58,0.3,211,2300,,,,,,161,31689,17511,508,264,7021,570,3000,4,,,,,,0,,1.26,12000,3.3,27,1.1,18,44,210,,82577,,,,,,19.497,,60,14,-393087,-393087,12,18341,,,404,24.948,18.314,546,130,0,49.81077,,,,,0,268,,506,9.535,1630,5361,25990,152.04,42961,234586,2139,270,5082,11705,14022,2478,630,2093,968,333,2091,3618,3192,1559,635,763,11820,597,0,1171,461,2320,6756,7105,3377,710,1412,22051,1081,0,,1900,,,42961,58,29,2300,4000,1392,,17094130,4451454,2900,39776,2876,1193,12.2,,11.115,37,17582426,557,0,1,,,,,,2206,35922,36100,0,,59100,10021,361,62000,5000,13000,30,76,106,18000,35900,3500,6300,5400,9500,5000,8700,2700,4500,1700,2500,20000,34000,1900,2400,54000,3600,4000,2000,2400,1600,1600,7500,62000,24000,38000,,20362,34622,53393.21,1260000,9,5600000,,7280000,14000000,3295708,3,,,,,,,,,,,,,,,,,,,,,,,,,,,,,,,,,,,,,,,,,,,,,,,,,,,,,,,,,,,,,,,,,,,,,,,,,,,,,,,,,,,,,,17,,,45550,,,6.54,,14.211,59.596,88,79,86,52,40,2,,,0,-2,0,-17.0977011494253,0,0,3.48694715733967,0,,1,35922,115,115,115,118,35071,156,2940,,4397,7902024,15624861,3418818,1300000,410000,1807679,1490000,1296280,928340,3579570,37757572,,57,89,39,,,90,35071,197,88,89,,,7302024,12124861,3018818,700000,410000,920000,1000000,1096280,618115,3079570,30269668,10612996,9044576,3612096,30269668,7000000,,0.31,0.47,0.17,31,47,17,,,1,120,,,,,,627,508,1,Zambia,3,,3,,,3,,,,,,,,,,,,106,120,369,178,41,167,,,,,,346,500,221,62000,89000,39000,1900,2800,1000,205,297,131,37000,53000,23000,,,,102,137,72,28,42,16,4900,7500,2900,18000,24000,13000,74,107,48,13000,19000,8500,17835893,,,,,,,,,,520,630,400,2.1,2,1.6,11,17,6.7,59,60,59,156,5822,,6240,5603832,1162486,3008818,600000,410000,807679,990000,,2945932,528340,3039570,19096657,,,8044576,7,24,,,,,,,,,,,,,,,,,,,,,,,,,,,,,,,,,,,,,,,,,,142,5,3,14,10,,,,,,,,,,,,,,,,,,3,0,,,,,,,,,,,,,,508,55,120,1,40,9,111,508,357,1,395,507,,,,30,1,,,6,1,11207,4130,,,,,,,,,,,,,,,,,,,,,,,,,,,,15373,,,,,,,,,,,,,,,,,,,,,,,,,,,,,,,,,,,,,,,,,,,,,,,,,,,,,,,,,,,,,,,,,,,,,,,,16055,18421,,35071,1951,1035,393,,,1921,11106,,3265,2977,1543,642,707,,693,152,0,20202,,34074,,822,1171,495,,,2304,21759,,6489,6879,3529,676,1412,,1146,0,,,,,,31558,0,,,2206,508,35071,8730,,1,,,,390,15038,0,0,0,15428,,,,,,0,,,,,,,,,,15373,1745,0,,15106,,949,6302024,1212486,3018818,700000,410000,920000,1000000,3096280,618115,3079570,20357293,6112996,8044576,1212096,20357293,4987625,,15857,1095,0,60,,,1,1,,,,,,,,851,851,8,47,39,747,,,2118,498,1745,,,,,,,8,619,0,6,4,1,141,150,,,,,,,,,,,,85,422,120,423,,,204,150,15,35071,31558,,0,,,0,3,0,400,151,,,,,,,Survey,6112996,17400279,13032201,,20202,1253,113,527,17879,,14.6,,,,,,77.755905511811,88.5011385011385,,50654,411,,20,,,0,2023-11-08T06:52:55.029334,,1,1,0,0,0,1,222,37,138
Zambia,2019,ZMB,Neighbour,87.2,AFR,,Yes,Yes,"High TB-HIV, SADC",1430,Y,Y,Y,,Y,NA,N,,,Lower middle income,,,49.1050924069551,24850,3927,6812.577,,,,,,,,53.029,,,,,,,,,3200,,,,,,,,,500,324,,,,,,,,,,,,,,,,,,,,,47507,,,,,,,,,,0,0,11.6,,,,,,,,,,,,,,,,,,789,,,,,,,,0,,,,,,,,,,,,,,,,,,,,,,,,,,,,,,,,,,,,,3300,7400,1400,3927,,,7040,50913,5464,,11.5,,,,26696992,,,,,,,,,2473,36866,44200,190354,,80200,,,,,,,,,,44000,,,,,,,,,,,,,,,,,,,,,,,,,,,,,65985.92,,,,,,,3695561,4,6400,9100,3600,3000,4800,1200,3400,5300,1400,1500,3400,0,1800,4200,0,3500,8000,0,6100,14000,0,3700,16000,220,20000,1200,9,6100,18000,570,1700,4800,190,630,2100,29,1000,3600,39,5200,12000,0,8900,20000,0,4800,11000,0,8600,20000,0,3000,6800,0,5200,12000,0,1500,3500,0,1500,3500,0,1600,3700,0,2600,5900,0,1600,3700,0,2000,4500,0,25000,40000,14000,23000,35000,11000,37000,56000,17000,,,,,63420,,,,,,59.596,88,79,86,,,,,,,20,-23,0.571428571428571,0,-1,-8.36619718309859,-32,221,0,36866,118,118,118,118,36150,156,5822,,6240,8520720,8624861,2418818,800000,410000,637679,2500000,4228862,718340,2179570,31038850,,59,91,41,,,89,36150,197,87,88,,,6587313,6464317,1018818,700000,410000,500000,1500000,3503074,618115,1079570,22381207,9000000,5475748,3000000,22381207,4905459,,0.27,0.41,0.15,27,41,15,,,1,99,,,,,,515,500,0,Zambia,3,,0,,,0,,,,,,,,,,,,114,28,380,95,99,24,,,,,,333,474,216,61000,87000,40000,1900,2800,1100,154,220,100,28000,40000,18000,75,100,44,86,114,62,33,50,20,6100,9200,3600,16000,21000,11000,53,76,34,9700,14000,6200,18380477,,,,,,,,,,540,870,580,2.1,2,1.6,11,17,6.2,46,47,46,156,5822,29,6240,5751096,1262486,2008818,300000,410000,800000,1000000,,2911000,528340,2039570,22463536,5452226,4.5,3000000,7,22,,,,,155611,189769,,,,,,,188594,,,,,,,,,,,,,,,,,384062,,,,,,,,,,,,142,5,3,14,10,,,,,,,,,,,,,,,,,,2,2,,,,,,,,,,,,,,494,5,54,61,43,86,13,500,194,1,370,500,,306,1,471,1,,,,,11967,3596,,,,,,,,,,,,,,,,,,,,,,,,,,,,15949,,,,,,,,,,,,,,,,,,,,,,,,,,,,,,,,,,,,,,,,,,,,,,,,,,,,,,,,,,,,,,10560,,,,1531,10560,,,,,16151,15915,,36150,1892,1134,437,,,1990,11559,,3109,2954,1726,697,996,,784,154,0,16424,,35376,,1043,1339,601,,,2344,22118,,6426,6763,3655,738,1644,,1286,0,,,,,,32342,0,,,2473,500,36150,9849,,1,,,,383,15079,174,8200,7236,200,,,,,,0,,,,,,,,,,15949,1847,0,,15400,,751,5751096,1412486,2018818,300000,410000,920000,1000000,2911000,618115,2079570,22873311,12510855,3000000,2212456,22873311,5150000,5452226,,,,60,,,1,1,,,,,,,,716,716,31,8,43,624,,,2420,371,1847,,,,,,,20,467,28,,,,,,156,5,,,,,,,,,,210,269,36,372,,,143,,18,36150,32342,60,3,,,3,1,1,400,151,,National,National,2019,2008,Surveillance,Survey,12510855,8165539,8150000,,16424,1031,79,427,14465,,14.6,,,,,,74.8987854251012,88.0723331709693,,54620,721,,5,,,0,2023-11-08T06:52:55.029334,,0,6,0,1,0,5,274,66,160
Zambia,2020,ZMB,Neighbour,87.2,AFR,,Yes,Yes,"High TB-HIV, SADC",1430,Y,Y,Y,,Y,NA,N,,,Lower middle income,,,,20000,2776,,,,,,,,,,,,,45000,,,,,4000,,,,,,,,,,,,,,,,,,,,,,,,,,,,,,,95142,,,,,,,,,,,,11.2,,,,,,,,,,48.25813,,,,,,,,1800,,,,,,,,,,,,,,,,,,,,,,,,,,,,,,,,,,,,,,,,,,,,,,,1608,2776,,,10810,55574,12273,,10.9,3073,,,36277248,,,,,,,,,,,,,,,,,,,,,,,,44600,,,,,,,,,,,,,,,,,,,,,,,,,,,,,,,,,,,,244334,4,5500,7800,3200,2600,4200,1100,2900,4500,1200,1300,2900,0,1500,3500,0,3400,7800,0,5900,14000,0,6600,13000,31000,370,1400,130,34000,53000,14000,1900,5100,250,710,1800,120,1100,3000,190,4800,11000,0,8400,19000,0,4900,11000,0,8800,20000,0,2900,6800,0,5300,12000,0,1400,3100,0,1300,3100,0,1800,4000,0,2800,6500,0,1700,4000,0,2400,5600,0,59000,33000,36000,22000,34000,10000,37000,56000,17000,,,,,78660,,,,,,,,,,,,,,,,0,-10,NA,0,-1,-24.25,-16,221,,40726,118,118,118,118,40726,156,5822,29,6240,8520720,8624861,2418818,800000,410000,637679,9198540,6402558,718340,2179570,49040750,9129664,66,100,46,,,91,40000,211,88,90,,,6587313,6464317,1018818,700000,410000,500000,9198540,6402558,618115,1079570,42108895,10583901,22119535,3500000,42108895,5905459,9129664,0.24,0.36,0.14,24,36,14,,,1,,,3,3,481,481,,,,Zambia,3,3,,0,0,,3,3,0,0,0,0,,0,0,3,3,114,19,298,46,101,19,561,,,,,319,455,208,60000,86000,39000,1900,2800,1100,125,179,81,24000,34000,15000,,,,73,96,53,32,48,19,6100,9100,3600,14000,18000,10000,41,58,27,7700,11000,5000,18927715,,,,,,,,,,590,740,440,2.1,2,1.6,11,17,5.7,39,40,39,156,5822,29,6240,5751096,1312486,2000000,300000,410000,428571,1000000,,2911000,718340,3000000,26551416,8719923,,5333530,7,22,,,,,262459,300682,,,,,177568,,,,177568,,,,,,,,,,,,,,,,,,,,,,,,,,,142,5,3,14,10,,,,7,,,,,,,,,,,,,168,,,3,3,3,3,,,276,84,168,,,72,1,489,44,,12,33,72,15,,,,386,492,,420,1,486,1,,,,,14989,2848,,,,,,,,,,,,,,,,,,,,,,,,,,,,16975,,,,,,,,,,,,,,,,,,,,,,,,,,,,,,,,,,,,,,,,,,,,,,,,,,,,,,,,,,,,,,70240,,,,7283,70240,,,,,40000,14673,,40000,2002,1279,633,,,1899,12674,,3152,3193,1994,646,1197,,1239,174,,14925,,38000,,899,1445,720,,,2377,24602,,6617,7212,4287,725,2098,,2011,,,,,,,36380,0,,,2724,492,40000,13455,,,,,,,,,,,,,,,,,194,,,,,,,,,,16975,2113,,5,15390,1528,1855,5751096,1400000,2300000,300000,410000,428571,1200000,2911000,718340,3000000,27138930,12000000,5333530,3000000,27138930,6805400,8719923,,,,60,,,1,1,,,,,,,,726,726,34,13,31,636,,,3068,327,1793,,,,,,,,,,,,,,,103,3,,,,,,,,,3,,,,372,,77,88,,12,13455,12264,60,,,,,,,294,,3,,,,,,Survey,12000000,21901820,12138930,0,14925,854,69,332,13449,,14.4,,,,,,78.9366053169734,90.1105527638191,,58965,1089,314816,10,,8,,2023-11-08T06:52:55.029334,1,,3,1,0,0,2,,,
Zambia,2021,ZMB,Neighbour,87.2,AFR,,Yes,Yes,"High TB-HIV, SADC",1430,Y,Y,Y,,Y,NA,N,,,Lower middle income,,,,9925,4510,,,,,,,,,,,,,,,,,,4200,,,,,,,,,,,,,,,,,,,,,11.9,,,,,,,,,,6597,,,,,,,,,,,,10.8,,,,,,,,,,,,,,,,,,2600,,,,,,,,,,,,,,,,,,,,,,,,,,,,,,,,,,,,,,,,,,,,,,,NA,4510,,,13700,65498,20894,,10.2,3611,,,42697003,,,,,,,,,,,,,,,,,,,,,,,,41700,,,,,,,,,,,,,,,,,,,,,,,,,,,,,,,,,,,,120519,4,8400,12000,4500,4000,6600,1500,4400,7100,1600,2000,4700,0,2400,5600,0,2300,5400,0,2800,6700,0,6800,12000,28000,18000,29000,6600,4200,15000,760,1900,5200,270,740,1800,140,1200,3000,200,3900,9200,0,8300,20000,0,4100,9800,0,9600,23000,0,3100,7300,0,6300,15000,0,2000,4900,0,2000,4800,0,2100,5000,0,3300,7900,0,2100,5100,0,3400,8000,0,31000,53000,36000,22000,34000,9700,38000,59000,17000,,,,,100090,,,,,,,,,,,,,,,,-60,9,NA,0,0,-101.511335012594,-20,221,,50825,118,118,118,116,50825,156,5822,29,6240,7332936,5464317,3000000,450000,200000,788571,1300000,5356240,718340,3500000,37755340,9644936,84,130,58,,,92,50075,257,92,90,,,4323860,4000000,3000000,450000,200000,788571,1300000,3408741,718340,3500000,31334448,11750000,9409575,530000,31334448,9644873,9644936,0.14,0.21,0.08,14,21,8,,,1,,,5,5,426,426,,,,Zambia,3,,,3,,,,,3,,3,,0,,,,,61,,253,,46,,559,,,,,307,443,195,60000,86000,38000,1900,2900,1000,104,150,66,20000,29000,13000,,,,40,54,28,19,30,11,3800,5800,2100,7800,11000,5500,21,30,13,4100,5900,2600,19473125,,,,,,,,,,630,790,470,2.2,2,1.7,10,17,5.2,34,34,33,156,5822,29,6240,7928700,1312486,2000000,500000,420000,788571,2400000,,2445240,718340,3500000,36729387,14716050,,7866829,7,22,,,,,118431,123671,,,,,,,,,167816,,,,,,,,,,,,151029,,,,167816,,,,,,,16272,,,,142,5,3,14,10,,194,,9,,,,,,,,,,,,,0,,,,,,,3,3,300,,30,343061,18409,25,1,,,,,,34,,,,,,415,,395,1,410,1,,,,,21556,2530,,,,,,,,,,,,,,,,,,,,,,,,,,,,19826,,,,,,,,,,,,,,,,,,,,,,,,,,,,,,,,,,,,,,,,,,,,,,,,,,,,,,,,,,,,,,99193,,,,8976,99193,,,,,50075,15902,705,50075,2298,1874,920,,,2032,15814,,3484,3708,2779,954,1889,,1922,139,,16272,774,48168,3529,1048,2016,999,,,2517,30371,,7496,8654,5711,1017,2979,,3014,,,,,,,46161,0,,,3890,436,50075,2504,,,,,,,,,,,,,,,,,,35596,,,,,,,,,19826,1978,,11,16922,1487,1487,7928700,1400000,2300000,500000,420000,788571,2500000,2445240,718340,3500000,37216901,17044672,7866829,3500000,37216901,8805400,14716050,,,,60,,,1,1,,,,,,,,750,750,23,1,28,692,,,3947,248,1968,,,,,,,,,,,,,,,83,5,0,0,0,0,0,2,0,0,3,,,,325,,101,101,,20,50825,46161,60,,,,,,,280,,,,,,,,Survey,17044672,538439,16672229,1,16272,738,55,434,14723,,,0,1,1,0,1,,90.4805801376598,,47006,920,332584,0,,5,,2023-11-08T06:52:55.029334,1,,,,,,,,,
Zambia,2022,ZMB,Neighbour,87.2,AFR,,Yes,Yes,"High TB-HIV, SADC",1430,Y,Y,Y,,Y,NA,N,,,Lower middle income,,,,4873,3004,,,,,,,,,,,,,,,,,,4100,,,,,,,,,,,,,,,,,,,,,,,,,,,,,,,52112,,,,,,,,,,,,,,,,,,,,,,,,,,,,,,2800,,,,,,,,,,,,,,,,,,,,,,,,,,,,,,,,,,,,,,,,,,,,,,,NA,3004,,,16230,61180,26024,,,3998,,,44633660,,,,,,,,,,,,,,,,,,,,,,,,38900,,,,,,,,,,,,,,,,,,,,,,,,,,,,,,,,,,,,34434,4,8800,13000,4500,4200,7000,1400,4600,7600,1500,2100,5300,0,2600,6300,0,2400,5800,0,2900,7100,0,5600,75000,240,490,1000,6100,5800,13000,470,1600,4500,180,590,2000,26,1000,3500,36,3900,9700,0,7900,20000,0,4100,10000,0,8900,22000,0,3200,8000,0,6100,15000,0,2100,5100,0,2000,5000,0,2100,5300,0,3000,7500,0,2400,5900,0,3100,7800,0,59000,84000,16000,22000,35000,9500,37000,58000,15000,,,,65358,103430,,,,,,,,,,,,,,,,-52,4,NA,0,-1,-103.673301867433,-5,221,,54848,116,116,116,,,156,5822,29,6240,7332936,4464317,2000000,500000,250000,788571,1300000,5408741,718340,4500000,42978955,15716050,92,150,63,,,,54127,270,,,,43,4323860,4000000,1500000,500000,250000,788571,1000000,5408741,718340,4000000,37205562,15551080,10095759,743816,37205562,10814907,14716050,0.09,0.15,0.05,9,15,5,,,1,,,3,3,359,359,,,,Zambia,3,,,3,,,,,3,,3,,0,,,,,46,14,212,21,32,18,520,96000,98000,94000,5.130789,295,431,184,59000,86000,37000,1900,2900,980,95,138,59,19000,28000,12000,,,,26,38,17,13,22,6,2500,4300,1200,5300,7600,3400,14,22,7.9,2800,4300,1600,20017675,18000,19000,16000,68,70,66,32,35,30,790,1000,570,2.2,2,1.7,10,17,4.8,32,32,32,105,2268,25,3000,6777460,1412486,2000000,500000,1307284,570000,2500000,200000,825480,1900340,4000000,22118550,325500,,6915564,7,22,267,,,,,,,,,,,,,,349984,,,,,,,,,,,,278781,,,,148412,,,,,,,16866,,,,142,5,3,14,10,0,,,8,,,,,,,,,,,,,174,,,,,,,3,3,344,,174,355455,17712,25,1,,,,,,25,12,,,,,363,,338,1,,,,0,,,22271,2876,,,,,,,,,,,,,,,,,,,,,,,,,,,,22803,,,,,,,,,,,,,,,,,,,,,,,,,,,,,,,,,,,,,,,,,,,,,,,,,,,,,,,,,,,,,,122060,5733,,65358,,93115,27647,,,,38112,16334,730,,,2793,1503,,,2272,17498,,3773,3973,3126,1290,2058,,2296,,,16866,752,52564,5453,,3003,1631,,,2780,30833,,7647,8543,5899,1372,2936,,3028,,,,,,,,0,,,5796,363,54127,5516,,,,,54489,,,,,,,,0,54489,,60,,108206,,5733,,,,,,,22803,2943,,47,16092,1334,1620,6777460,1412486,2100000,500000,1307284,570000,2600000,825480,1900340,4500000,22818550,8370000,6915564,1307284,22818550,6225702,325500,,,,60,,,1,,,,,,,,,721,,,,,,,,3720,235,2222,,,,,,,,,,,,,,,44,2,0,0,0,0,0,0,0,0,2,,,,301,11,52,58,,,,,60,,,,,,,176,,,,,,,,Survey,8370000,20160405,13141266,1,,,,,,0,,0,1,1,0,1,,,0,47006,1600,507450,0,,1,,2023-11-08T06:52:55.029334,,,,,,,,,,
Zambia,2023,ZMB,Neighbour,87.2,AFR,,Yes,Yes,"High TB-HIV, SADC",1430,Y,Y,Y,,Y,NA,N,,,Lower middle income,,,,,,,,,,,,,,,,,,,,,,,6105,,,,,,,,,,,,,,,,,,,,,,,,,,,,,,,,,,,,,,,,,,,,,,,,,,,,,,,,,,,,,416,,,,,,,,,,,,,,,,,,,,,,,,,,,,,,,,,,,,,,,,,,,,,,,NA,,,,11372,83097,23698,,,4373,,,,,,,,,,,,,,,,,,,,,,,,,,,54880,,,,,,,,,,,,,,,,,,,,,,,,,,,,,,,,,,,,,,,,,,,,,,,,,,,,,,,,,,,,,,,,,,,,,,,,,,,,,,,,,,,,,,,,,,,,,,,,,,,,,,,,,,,,,,,,,,,,,,,,,,,,,,118170,,,,,,,,,,,,,,,,,,NA,NA,,,,,,,,,,,,105,2268,29,3000,6300000,5464317,3500000,500000,807284,788571,1600000,1489200,102034,5000000,34979074,9427668,,,,,,,,,,,,,5700000,4500000,3000000,500000,807284,788571,1500000,1489200,102034,4500000,32314757,10103231,10903874,807284,32314757,10500368,9427668,,,,,,,,,,,,,,,,,,,Zambia,,,,,,,,,,,,,,,,,,,,,,,,,,,,,,,,,,,,,,,,,,,,,,,,,,,,,,,,,,,,,,,,,,,,,,,,,,,,,,,,,,,,,,,,,,,,,,,,,,,,,,,,,,,,,,,,,,,,,,,,,,,,,,,,,,,,,,,,,,,,,,,,,,,,,,,,,,,,,,,,,,,,,,,,,,,,,,,,,,,,,,,,,,,,,,,,,,,,,,,,,,,,,,,,,,,,,,,,,,,,,,,,,,,,,,,,,,,,,,,,,,,,,,,,,,,,,,,,,,,,,,,,,,,,,,,,,,,,,,,,,,,,,,,,,,,,,,,,,,,,,,,,,,,,,,,,,,,,,,,,,,,,,,,,,,,,,,,,,,,,,,,,,,,,,,,,,,,,,,,,,,,,,,,,,,,,,,,,,,,,,,,,,,,,,,,,,,,,,,,,,,,,,,,,,,,,,,,,,,,,,,,,,,,,,,,,,,,,,,,,,,,,,,,,,,,,,,,,,,,,,,,,,,,,,,,,,,,,,,,,,,,,,,,,,,,,,,,,,,,,,,,,,,,,,60000,650,325092,5,,,,,,,,,,,,,,
Zambia,2024,ZMB,Neighbour,87.2,AFR,,Yes,Yes,"High TB-HIV, SADC",1430,Y,Y,Y,,Y,NA,N,,,Lower middle income,,,,,,,,,,,,,,,,,,,,,,,5870,,,,,,,,,,,,,,,,,,,,,,,,,,,,,,,,,,,,,,,,,,,,,,,,,,,,,,,,,,,,,467,,,,,,,,,,,,,,,,,,,,,,,,,,,,,,,,,,,,,,,,,,,,,,,,,,,10293,106515,20577,,,,,,,,,,,,,,,,,,,,,,,,,,,,,,56000,,,,,,,,,,,,,,,,,,,,,,,,,,,,,,,,,,,,,,,,,,,,,,,,,,,,,,,,,,,,,,,,,,,,,,,,,,,,,,,,,,,,,,,,,,,,,,,,,,,,,,,,,,,,,,,,,,,,,,,,,,,,,,137390,,,,,,,,,,,,,,,,,,,,,,,,,,,,,,,,,,,,,,,,,,,,,,,,,,,,,,,,,,,,,,,,,,,,,,,,,,,,,,,,,,,,,,,,,,,,,,,,,,,,,,,,,,,,,,,,,,,,,,,,,,,,,,,,,,,,,,,,,,,,,,,,,,,,,,,,,,,,,,,,,,,,,,,,,,,,,,,,,,,,,,,,,,,,,,,,,,,,,,,,,,,,,,,,,,,,,,,,,,,,,,,,,,,,,,,,,,,,,,,,,,,,,,,,,,,,,,,,,,,,,,,,,,,,,,,,,,,,,,,,,,,,,,,,,,,,,,,,,,,,,,,,,,,,,,,,,,,,,,,,,,,,,,,,,,,,,,,,,,,,,,,,,,,,,,,,,,,,,,,,,,,,,,,,,,,,,,,,,,,,,,,,,,,,,,,,,,,,,,,,,,,,,,,,,,,,,,,,,,,,,,,,,,,,,,,,,,,,,,,,,,,,,,,,,,,,,,,,,,,,,,,,,,,,,,,,,,,,,,,,,,,,,,,,,,,,,,,,,,,,,,,,,,,,,,,,,,,,,,,,,,,,,,,,,,,,,,,,,,,,,,,,,,,,,,,,,,,,,,,,,,,,,,,,,,,,,,,,,,,,,,,,,,,,,,,,,,,,,,,,,,,,,,,,,,,,,,,,,,,,
Zambia,2025,ZMB,Neighbour,87.2,AFR,,Yes,Yes,"High TB-HIV, SADC",1430,Y,Y,Y,,Y,NA,N,,,Lower middle income,,,,,,,,,,,,,,,,,,,,,,,5054,,,,,,,,,,,,,,,,,,,,,,,,,,,,,,,,,,,,,,,,,,,,,,,,,,,,,,,,,,,,,544,,,,,,,,,,,,,,,,,,,,,,,,,,,,,,,,,,,,,,,,,,,,,,,,,,,9568,111904,20444,,,,,,,,,,,,,,,,,,,,,,,,,,,,,,52000,,,,,,,,,,,,,,,,,,,,,,,,,,,,,,,,,,,,,,,,,,,,,,,,,,,,,,,,,,,,,,,,,,,,,,,,,,,,,,,,,,,,,,,,,,,,,,,,,,,,,,,,,,,,,,,,,,,,,,,,,,,,,,141920,,,,,,,,,,,,,,,,,,,,,,,,,,,,,,,,,,,,,,,,,,,,,,,,,,,,,,,,,,,,,,,,,,,,,,,,,,,,,,,,,,,,,,,,,,,,,,,,,,,,,,,,,,,,,,,,,,,,,,,,,,,,,,,,,,,,,,,,,,,,,,,,,,,,,,,,,,,,,,,,,,,,,,,,,,,,,,,,,,,,,,,,,,,,,,,,,,,,,,,,,,,,,,,,,,,,,,,,,,,,,,,,,,,,,,,,,,,,,,,,,,,,,,,,,,,,,,,,,,,,,,,,,,,,,,,,,,,,,,,,,,,,,,,,,,,,,,,,,,,,,,,,,,,,,,,,,,,,,,,,,,,,,,,,,,,,,,,,,,,,,,,,,,,,,,,,,,,,,,,,,,,,,,,,,,,,,,,,,,,,,,,,,,,,,,,,,,,,,,,,,,,,,,,,,,,,,,,,,,,,,,,,,,,,,,,,,,,,,,,,,,,,,,,,,,,,,,,,,,,,,,,,,,,,,,,,,,,,,,,,,,,,,,,,,,,,,,,,,,,,,,,,,,,,,,,,,,,,,,,,,,,,,,,,,,,,,,,,,,,,,,,,,,,,,,,,,,,,,,,,,,,,,,,,,,,,,,,,,,,,,,,,,,,,,,,,,,,,,,,,,,,,,,,,,,,,,,,,,,,,
Zambia,2026,ZMB,Neighbour,87.2,AFR,,Yes,Yes,"High TB-HIV, SADC",1430,Y,Y,Y,,Y,NA,N,,,Lower middle income,,,,,,,,,,,,,,,,,,,,,,,4824,,,,,,,,,,,,,,,,,,,,,,,,,,,,,,,,,,,,,,,,,,,,,,,,,,,,,,,,,,,,,666,,,,,,,,,,,,,,,,,,,,,,,,,,,,,,,,,,,,,,,,,,,,,,,,,,,9350,114985,20233,,,,,,,,,,,,,,,,,,,,,,,,,,,,,,50128,,,,,,,,,,,,,,,,,,,,,,,,,,,,,,,,,,,,,,,,,,,,,,,,,,,,,,,,,,,,,,,,,,,,,,,,,,,,,,,,,,,,,,,,,,,,,,,,,,,,,,,,,,,,,,,,,,,,,,,,,,,,,,144570,,,,,,,,,,,,,,,,,,,,,,,,,,,,,,,,,,,,,,,,,,,,,,,,,,,,,,,,,,,,,,,,,,,,,,,,,,,,,,,,,,,,,,,,,,,,,,,,,,,,,,,,,,,,,,,,,,,,,,,,,,,,,,,,,,,,,,,,,,,,,,,,,,,,,,,,,,,,,,,,,,,,,,,,,,,,,,,,,,,,,,,,,,,,,,,,,,,,,,,,,,,,,,,,,,,,,,,,,,,,,,,,,,,,,,,,,,,,,,,,,,,,,,,,,,,,,,,,,,,,,,,,,,,,,,,,,,,,,,,,,,,,,,,,,,,,,,,,,,,,,,,,,,,,,,,,,,,,,,,,,,,,,,,,,,,,,,,,,,,,,,,,,,,,,,,,,,,,,,,,,,,,,,,,,,,,,,,,,,,,,,,,,,,,,,,,,,,,,,,,,,,,,,,,,,,,,,,,,,,,,,,,,,,,,,,,,,,,,,,,,,,,,,,,,,,,,,,,,,,,,,,,,,,,,,,,,,,,,,,,,,,,,,,,,,,,,,,,,,,,,,,,,,,,,,,,,,,,,,,,,,,,,,,,,,,,,,,,,,,,,,,,,,,,,,,,,,,,,,,,,,,,,,,,,,,,,,,,,,,,,,,,,,,,,,,,,,,,,,,,,,,,,,,,,,,,,,,,,,,,
Zambia,2027,ZMB,Neighbour,87.2,AFR,,Yes,Yes,"High TB-HIV, SADC",1430,Y,Y,Y,,Y,NA,N,,,Lower middle income,,,,,,,,,,,,,,,,,,,,,,,3202,,,,,,,,,,,,,,,,,,,,,,,,,,,,,,,,,,,,,,,,,,,,,,,,,,,,,,,,,,,,,577,,,,,,,,,,,,,,,,,,,,,,,,,,,,,,,,,,,,,,,,,,,,,,,,,,,8949,117558,19617,,,,,,,,,,,,,,,,,,,,,,,,,,,,,,39016,,,,,,,,,,,,,,,,,,,,,,,,,,,,,,,,,,,,,,,,,,,,,,,,,,,,,,,,,,,,,,,,,,,,,,,,,,,,,,,,,,,,,,,,,,,,,,,,,,,,,,,,,,,,,,,,,,,,,,,,,,,,,,146120,,,,,,,,,,,,,,,,,,,,,,,,,,,,,,,,,,,,,,,,,,,,,,,,,,,,,,,,,,,,,,,,,,,,,,,,,,,,,,,,,,,,,,,,,,,,,,,,,,,,,,,,,,,,,,,,,,,,,,,,,,,,,,,,,,,,,,,,,,,,,,,,,,,,,,,,,,,,,,,,,,,,,,,,,,,,,,,,,,,,,,,,,,,,,,,,,,,,,,,,,,,,,,,,,,,,,,,,,,,,,,,,,,,,,,,,,,,,,,,,,,,,,,,,,,,,,,,,,,,,,,,,,,,,,,,,,,,,,,,,,,,,,,,,,,,,,,,,,,,,,,,,,,,,,,,,,,,,,,,,,,,,,,,,,,,,,,,,,,,,,,,,,,,,,,,,,,,,,,,,,,,,,,,,,,,,,,,,,,,,,,,,,,,,,,,,,,,,,,,,,,,,,,,,,,,,,,,,,,,,,,,,,,,,,,,,,,,,,,,,,,,,,,,,,,,,,,,,,,,,,,,,,,,,,,,,,,,,,,,,,,,,,,,,,,,,,,,,,,,,,,,,,,,,,,,,,,,,,,,,,,,,,,,,,,,,,,,,,,,,,,,,,,,,,,,,,,,,,,,,,,,,,,,,,,,,,,,,,,,,,,,,,,,,,,,,,,,,,,,,,,,,,,,,,,,,,,,,,,,,
